,sim_0,sim_1,sim_2,sim_3,sim_4,sim_5,sim_6,sim_7,sim_8,sim_9,sim_10,sim_11,sim_12,sim_13,sim_14,sim_15,sim_16,sim_17,sim_18,sim_19,sim_20,sim_21,sim_22,sim_23,sim_24,sim_25,sim_26,sim_27,sim_28,sim_29,sim_30,sim_31,sim_32,sim_33,sim_34,sim_35,sim_36,sim_37,sim_38,sim_39,sim_40,sim_41,sim_42,sim_43,sim_44,sim_45,sim_46,sim_47,sim_48,sim_49,sim_50,sim_51,sim_52,sim_53,sim_54,sim_55,sim_56,sim_57,sim_58,sim_59,sim_60,sim_61,sim_62,sim_63,sim_64,sim_65,sim_66,sim_67,sim_68,sim_69,sim_70,sim_71,sim_72,sim_73,sim_74,sim_75,sim_76,sim_77,sim_78,sim_79,sim_80,sim_81,sim_82,sim_83,sim_84,sim_85,sim_86,sim_87,sim_88,sim_89,sim_90,sim_91,sim_92,sim_93,sim_94,sim_95,sim_96,sim_97,sim_98,sim_99,sim_100,sim_101,sim_102,sim_103,sim_104,sim_105,sim_106,sim_107,sim_108,sim_109,sim_110,sim_111,sim_112,sim_113,sim_114,sim_115,sim_116,sim_117,sim_118,sim_119,sim_120,sim_121,sim_122,sim_123,sim_124,sim_125,sim_126,sim_127,sim_128,sim_129,sim_130,sim_131,sim_132,sim_133,sim_134,sim_135,sim_136,sim_137,sim_138,sim_139,sim_140,sim_141,sim_142,sim_143,sim_144,sim_145,sim_146,sim_147,sim_148,sim_149,sim_150,sim_151,sim_152,sim_153,sim_154,sim_155,sim_156,sim_157,sim_158,sim_159,sim_160,sim_161,sim_162,sim_163,sim_164,sim_165,sim_166,sim_167,sim_168,sim_169,sim_170,sim_171,sim_172,sim_173,sim_174,sim_175,sim_176,sim_177,sim_178,sim_179,sim_180,sim_181,sim_182,sim_183,sim_184,sim_185,sim_186,sim_187,sim_188,sim_189,sim_190,sim_191,sim_192,sim_193,sim_194,sim_195,sim_196,sim_197,sim_198,sim_199,sim_200,sim_201,sim_202,sim_203,sim_204,sim_205,sim_206,sim_207,sim_208,sim_209,sim_210,sim_211,sim_212,sim_213,sim_214,sim_215,sim_216,sim_217,sim_218,sim_219,sim_220,sim_221,sim_222,sim_223,sim_224,sim_225,sim_226,sim_227,sim_228,sim_229,sim_230,sim_231,sim_232,sim_233,sim_234,sim_235,sim_236,sim_237,sim_238,sim_239,sim_240,sim_241,sim_242,sim_243,sim_244,sim_245,sim_246,sim_247,sim_248,sim_249,sim_250,sim_251,sim_252,sim_253,sim_254,sim_255,sim_256,sim_257,sim_258,sim_259,sim_260,sim_261,sim_262,sim_263,sim_264,sim_265,sim_266,sim_267,sim_268,sim_269,sim_270,sim_271,sim_272,sim_273,sim_274,sim_275,sim_276,sim_277,sim_278,sim_279,sim_280,sim_281,sim_282,sim_283,sim_284,sim_285,sim_286,sim_287,sim_288,sim_289,sim_290,sim_291,sim_292,sim_293,sim_294,sim_295,sim_296,sim_297,sim_298,sim_299,sim_300,sim_301,sim_302,sim_303,sim_304,sim_305,sim_306,sim_307,sim_308,sim_309,sim_310,sim_311,sim_312,sim_313,sim_314,sim_315,sim_316,sim_317,sim_318,sim_319,sim_320,sim_321,sim_322,sim_323,sim_324,sim_325,sim_326,sim_327,sim_328,sim_329,sim_330,sim_331,sim_332,sim_333,sim_334,sim_335,sim_336,sim_337,sim_338,sim_339,sim_340,sim_341,sim_342,sim_343,sim_344,sim_345,sim_346,sim_347,sim_348,sim_349,sim_350,sim_351,sim_352,sim_353,sim_354,sim_355,sim_356,sim_357,sim_358,sim_359,sim_360,sim_361,sim_362,sim_363,sim_364,sim_365,sim_366,sim_367,sim_368,sim_369,sim_370,sim_371,sim_372,sim_373,sim_374,sim_375,sim_376,sim_377,sim_378,sim_379,sim_380,sim_381,sim_382,sim_383,sim_384,sim_385,sim_386,sim_387,sim_388,sim_389,sim_390,sim_391,sim_392,sim_393,sim_394,sim_395,sim_396,sim_397,sim_398,sim_399,sim_400,sim_401,sim_402,sim_403,sim_404,sim_405,sim_406,sim_407,sim_408,sim_409,sim_410,sim_411,sim_412,sim_413,sim_414,sim_415,sim_416,sim_417,sim_418,sim_419,sim_420,sim_421,sim_422,sim_423,sim_424,sim_425,sim_426,sim_427,sim_428,sim_429,sim_430,sim_431,sim_432,sim_433,sim_434,sim_435,sim_436,sim_437,sim_438,sim_439,sim_440,sim_441,sim_442,sim_443,sim_444,sim_445,sim_446,sim_447,sim_448,sim_449,sim_450,sim_451,sim_452,sim_453,sim_454,sim_455,sim_456,sim_457,sim_458,sim_459,sim_460,sim_461,sim_462,sim_463,sim_464,sim_465,sim_466,sim_467,sim_468,sim_469,sim_470,sim_471,sim_472,sim_473,sim_474,sim_475,sim_476,sim_477,sim_478,sim_479,sim_480,sim_481,sim_482,sim_483,sim_484,sim_485,sim_486,sim_487,sim_488,sim_489,sim_490,sim_491,sim_492,sim_493,sim_494,sim_495,sim_496,sim_497,sim_498,sim_499,sim_500,sim_501,sim_502,sim_503,sim_504,sim_505,sim_506,sim_507,sim_508,sim_509,sim_510,sim_511,sim_512,sim_513,sim_514,sim_515,sim_516,sim_517,sim_518,sim_519,sim_520,sim_521,sim_522,sim_523,sim_524,sim_525,sim_526,sim_527,sim_528,sim_529,sim_530,sim_531,sim_532,sim_533,sim_534,sim_535,sim_536,sim_537,sim_538,sim_539,sim_540,sim_541,sim_542,sim_543,sim_544,sim_545,sim_546,sim_547,sim_548,sim_549,sim_550,sim_551,sim_552,sim_553,sim_554,sim_555,sim_556,sim_557,sim_558,sim_559,sim_560,sim_561,sim_562,sim_563,sim_564,sim_565,sim_566,sim_567,sim_568,sim_569,sim_570,sim_571,sim_572,sim_573,sim_574,sim_575,sim_576,sim_577,sim_578,sim_579,sim_580,sim_581,sim_582,sim_583,sim_584,sim_585,sim_586,sim_587,sim_588,sim_589,sim_590,sim_591,sim_592,sim_593,sim_594,sim_595,sim_596,sim_597,sim_598,sim_599,sim_600,sim_601,sim_602,sim_603,sim_604,sim_605,sim_606,sim_607,sim_608,sim_609,sim_610,sim_611,sim_612,sim_613,sim_614,sim_615,sim_616,sim_617,sim_618,sim_619,sim_620,sim_621,sim_622,sim_623,sim_624,sim_625,sim_626,sim_627,sim_628,sim_629,sim_630,sim_631,sim_632,sim_633,sim_634,sim_635,sim_636,sim_637,sim_638,sim_639,sim_640,sim_641,sim_642,sim_643,sim_644,sim_645,sim_646,sim_647,sim_648,sim_649,sim_650,sim_651,sim_652,sim_653,sim_654,sim_655,sim_656,sim_657,sim_658,sim_659,sim_660,sim_661,sim_662,sim_663,sim_664,sim_665,sim_666,sim_667,sim_668,sim_669,sim_670,sim_671,sim_672,sim_673,sim_674,sim_675,sim_676,sim_677,sim_678,sim_679,sim_680,sim_681,sim_682,sim_683,sim_684,sim_685,sim_686,sim_687,sim_688,sim_689,sim_690,sim_691,sim_692,sim_693,sim_694,sim_695,sim_696,sim_697,sim_698,sim_699,sim_700,sim_701,sim_702,sim_703,sim_704,sim_705,sim_706,sim_707,sim_708,sim_709,sim_710,sim_711,sim_712,sim_713,sim_714,sim_715,sim_716,sim_717,sim_718,sim_719,sim_720,sim_721,sim_722,sim_723,sim_724,sim_725,sim_726,sim_727,sim_728,sim_729,sim_730,sim_731,sim_732,sim_733,sim_734,sim_735,sim_736,sim_737,sim_738,sim_739,sim_740,sim_741,sim_742,sim_743,sim_744,sim_745,sim_746,sim_747,sim_748,sim_749,sim_750,sim_751,sim_752,sim_753,sim_754,sim_755,sim_756,sim_757,sim_758,sim_759,sim_760,sim_761,sim_762,sim_763,sim_764,sim_765,sim_766,sim_767,sim_768,sim_769,sim_770,sim_771,sim_772,sim_773,sim_774,sim_775,sim_776,sim_777,sim_778,sim_779,sim_780,sim_781,sim_782,sim_783,sim_784,sim_785,sim_786,sim_787,sim_788,sim_789,sim_790,sim_791,sim_792,sim_793,sim_794,sim_795,sim_796,sim_797,sim_798,sim_799,sim_800,sim_801,sim_802,sim_803,sim_804,sim_805,sim_806,sim_807,sim_808,sim_809,sim_810,sim_811,sim_812,sim_813,sim_814,sim_815,sim_816,sim_817,sim_818,sim_819,sim_820,sim_821,sim_822,sim_823,sim_824,sim_825,sim_826,sim_827,sim_828,sim_829,sim_830,sim_831,sim_832,sim_833,sim_834,sim_835,sim_836,sim_837,sim_838,sim_839,sim_840,sim_841,sim_842,sim_843,sim_844,sim_845,sim_846,sim_847,sim_848,sim_849,sim_850,sim_851,sim_852,sim_853,sim_854,sim_855,sim_856,sim_857,sim_858,sim_859,sim_860,sim_861,sim_862,sim_863,sim_864,sim_865,sim_866,sim_867,sim_868,sim_869,sim_870,sim_871,sim_872,sim_873,sim_874,sim_875,sim_876,sim_877,sim_878,sim_879,sim_880,sim_881,sim_882,sim_883,sim_884,sim_885,sim_886,sim_887,sim_888,sim_889,sim_890,sim_891,sim_892,sim_893,sim_894,sim_895,sim_896,sim_897,sim_898,sim_899,sim_900,sim_901,sim_902,sim_903,sim_904,sim_905,sim_906,sim_907,sim_908,sim_909,sim_910,sim_911,sim_912,sim_913,sim_914,sim_915,sim_916,sim_917,sim_918,sim_919,sim_920,sim_921,sim_922,sim_923,sim_924,sim_925,sim_926,sim_927,sim_928,sim_929,sim_930,sim_931,sim_932,sim_933,sim_934,sim_935,sim_936,sim_937,sim_938,sim_939,sim_940,sim_941,sim_942,sim_943,sim_944,sim_945,sim_946,sim_947,sim_948,sim_949,sim_950,sim_951,sim_952,sim_953,sim_954,sim_955,sim_956,sim_957,sim_958,sim_959,sim_960,sim_961,sim_962,sim_963,sim_964,sim_965,sim_966,sim_967,sim_968,sim_969,sim_970,sim_971,sim_972,sim_973,sim_974,sim_975,sim_976,sim_977,sim_978,sim_979,sim_980,sim_981,sim_982,sim_983,sim_984,sim_985,sim_986,sim_987,sim_988,sim_989,sim_990,sim_991,sim_992,sim_993,sim_994,sim_995,sim_996,sim_997,sim_998,sim_999
Manchester City,92,89,88,92,95,82,88,92,94,95,82,92,97,85,88,91,87,84,98,96,87,91,91,88,87,92,91,90,88,90,91,85,83,98,90,86,88,90,83,84,90,90,92,88,88,90,89,89,91,89,84,95,93,93,93,80,87,93,95,93,86,89,91,80,93,93,91,93,87,92,92,97,88,98,91,89,89,89,91,93,90,92,92,89,87,88,82,86,85,90,81,87,89,90,85,87,90,89,91,90,87,94,86,93,85,87,91,87,89,94,90,82,93,95,97,83,85,90,95,93,84,86,92,88,88,90,79,90,84,92,90,94,95,93,88,94,90,83,89,87,88,84,90,85,87,84,83,84,86,83,95,87,89,98,89,92,85,94,96,81,90,87,82,91,91,85,94,87,95,87,97,90,87,80,89,83,87,91,82,92,86,93,92,88,94,89,91,93,92,95,95,90,87,84,93,87,95,93,94,94,91,93,86,90,90,92,92,95,96,86,91,86,92,93,93,92,96,95,87,94,96,92,86,90,95,96,93,95,94,95,92,93,90,85,84,92,89,98,91,87,93,95,96,91,94,95,95,97,95,89,97,97,80,87,87,94,94,90,90,93,93,89,95,97,87,86,94,80,87,94,92,87,98,93,91,93,82,88,93,88,86,87,93,90,92,92,97,91,93,88,96,89,87,92,83,90,95,84,89,89,88,87,87,86,87,92,84,91,93,80,87,85,99,91,85,91,87,96,95,90,92,92,90,89,90,95,90,95,95,86,88,91,94,100,93,83,92,95,88,84,92,92,93,94,83,93,86,88,86,89,90,90,98,94,91,91,78,90,89,87,86,93,93,90,92,92,88,97,84,90,83,91,86,91,90,102,93,90,85,88,86,89,89,94,93,98,92,88,94,85,92,92,90,100,90,93,91,88,93,88,87,97,87,92,86,85,87,88,94,92,94,88,86,91,92,92,90,92,94,89,85,91,95,97,88,90,92,88,88,93,85,98,84,77,98,86,88,96,90,88,96,92,87,91,93,95,89,85,85,89,93,94,91,90,87,93,100,86,84,92,86,86,93,90,95,89,88,92,91,94,87,85,86,90,89,93,85,96,98,93,90,90,89,94,86,90,88,90,98,102,91,88,96,94,95,90,88,90,83,90,89,91,91,96,82,93,82,91,86,94,88,92,98,82,82,90,93,85,89,94,95,90,86,94,87,95,92,92,86,95,90,86,86,98,90,90,90,89,89,90,86,94,86,94,82,89,91,87,91,87,90,89,94,95,92,92,87,92,92,87,86,97,96,90,87,95,92,98,88,86,90,88,94,91,94,92,92,92,95,83,91,89,93,88,85,95,93,94,87,91,88,88,91,95,97,94,97,86,91,98,94,88,92,95,94,89,86,91,86,92,90,88,95,93,90,93,99,98,92,91,83,100,93,100,86,94,90,87,93,90,89,92,94,88,84,92,96,89,88,84,94,91,89,85,92,95,91,94,88,90,88,85,86,90,84,89,88,95,95,92,89,86,93,92,82,88,87,90,95,87,92,90,94,97,93,94,93,89,94,90,86,90,84,90,91,86,85,83,96,92,88,91,95,92,88,95,100,93,92,86,87,86,91,82,100,80,88,91,89,90,94,91,90,89,95,90,88,86,96,95,90,94,91,89,95,94,94,88,83,85,88,91,78,83,97,78,85,93,92,90,88,91,93,87,91,83,90,97,86,91,81,95,92,83,90,89,91,93,94,93,90,89,94,93,86,85,94,95,92,94,92,90,102,92,89,89,93,88,90,90,85,95,92,92,95,85,83,94,90,91,92,98,97,90,89,81,99,91,85,84,93,84,91,85,89,92,89,93,86,91,89,99,82,79,84,88,93,96,90,88,94,94,91,92,97,88,94,90,94,87,93,88,83,84,93,90,93,88,92,93,90,91,93,82,85,93,98,94,90,94,88,89,87,91,92,90,86,99,98,87,84,81,94,97,95,91,93,94,98,96,86,83,94,90,91,92,91,89,89,91,94,95,94,91,88,88,95,85,83,86,88,96,97,98,77,83,95,93,85,92,87,84,90,88,90,98,87,92,88,87,86,97,99,91,90,96,89,94,100,90,93,92,91,95,94,90,89,92,98,94,95,91,94,93,83,97,85,79,89,97,89,86,93,96,83,96,91,95,95,88,89,85,77,89,90,90,84,96,94,89,95,90,90,88,87,93,93,93,87,89,93,96,93,87,91,91,95,93,92,84,93,91,96,96,93,83,92,92,94,86,89,87,94,98,86,87,92,88,97,95
Liverpool,90,80,84,81,79,89,76,78,80,81,84,74,88,84,76,83,94,79,76,88,87,83,77,84,84,79,78,94,86,85,85,85,81,83,68,84,77,87,82,72,91,77,84,76,87,85,76,86,78,83,79,92,82,86,68,76,79,77,84,76,82,87,79,80,79,81,80,84,77,84,79,86,88,77,74,88,80,82,77,83,85,86,74,80,76,86,82,78,65,78,83,76,83,74,92,91,85,86,92,78,81,85,80,77,81,72,76,87,85,80,80,82,83,70,81,81,86,77,85,78,84,81,81,75,87,65,86,83,82,80,89,82,78,87,84,75,83,87,83,76,83,86,84,78,82,78,91,82,88,80,86,79,83,81,84,78,76,74,86,83,81,81,81,84,90,80,86,74,75,82,87,81,80,81,74,75,80,83,80,82,85,80,80,76,88,88,82,78,87,93,83,89,74,80,83,89,80,79,78,83,90,81,83,81,82,87,84,87,80,74,78,87,85,87,92,85,83,88,85,86,76,87,88,85,76,74,82,85,86,83,79,74,91,83,89,82,82,79,76,86,79,78,79,86,84,81,80,82,82,80,81,89,82,81,82,75,85,85,83,80,83,86,82,82,78,84,87,92,76,83,83,80,84,81,92,82,77,80,80,84,84,82,76,86,80,87,91,94,71,75,79,75,78,83,85,76,76,72,78,84,82,85,75,81,84,84,91,79,84,80,85,85,73,88,84,89,80,85,87,83,81,86,77,86,86,85,88,84,87,84,80,81,81,79,83,82,79,91,84,81,89,80,79,77,73,82,90,81,78,84,78,82,79,83,78,80,79,79,81,86,84,75,83,74,83,80,87,78,85,84,78,82,77,81,83,76,83,81,85,85,83,91,79,90,88,82,83,80,73,76,88,85,81,82,82,85,94,73,81,85,80,86,86,85,83,85,85,81,86,81,84,84,84,80,79,79,81,80,79,84,84,80,78,79,72,83,78,81,80,91,86,88,74,78,72,82,86,87,75,82,84,78,74,79,81,81,83,81,85,85,77,85,88,80,79,80,85,80,74,76,76,85,89,83,78,80,82,77,83,78,83,80,73,88,81,91,76,89,88,86,89,82,85,80,83,86,80,80,76,82,84,85,82,85,77,89,90,87,76,77,92,89,84,77,72,87,80,89,77,77,84,80,72,79,81,82,78,90,77,83,87,82,78,87,80,83,78,83,80,81,86,84,78,83,86,78,80,87,87,84,88,85,85,85,84,83,81,85,87,81,83,83,92,87,83,78,82,81,83,83,86,78,85,77,78,83,82,91,79,86,87,86,84,70,85,81,82,78,87,83,78,85,77,89,79,82,86,81,83,82,82,84,83,81,78,76,80,79,87,77,83,80,87,85,83,77,89,84,92,85,80,79,87,81,87,76,79,76,81,74,84,75,81,75,77,73,88,78,84,85,93,77,81,83,75,84,78,85,83,74,81,81,84,88,80,85,84,85,81,81,76,83,86,92,81,80,80,90,81,76,85,85,79,82,84,79,80,82,80,80,86,78,86,75,79,83,85,80,84,79,84,75,79,88,85,86,85,75,91,74,90,87,84,73,83,90,83,84,80,75,89,92,83,85,76,70,83,88,66,87,88,82,88,87,80,84,83,79,90,82,84,76,76,81,81,84,80,79,75,83,84,84,85,72,76,84,77,81,90,77,82,78,80,78,81,83,84,83,77,81,84,78,77,85,80,92,80,79,89,74,86,86,73,77,83,85,77,88,84,78,82,81,82,80,87,88,86,81,80,80,85,80,83,81,86,85,75,90,82,82,86,80,80,96,83,82,80,80,83,79,80,77,83,84,88,81,80,78,90,84,88,84,87,77,82,84,80,79,84,86,85,79,82,82,79,85,86,75,85,92,81,82,86,84,77,83,81,82,81,81,82,81,81,83,84,84,75,80,72,77,81,77,77,85,86,81,89,85,85,82,76,76,83,86,89,83,86,81,79,84,75,83,83,85,79,83,81,86,83,84,82,89,78,83,88,79,85,84,86,83,82,80,78,90,89,74,79,79,75,77,91,75,85,87,82,85,83,84,84,77,82,87,74,81,88,76,79,72,75,80,81,81,77,78,84,85,77,87,80,78,80,82,89,82,78,82,77,90,83,79,80,84,80,70,89,84,79,82,84,90,85,87,81,81,91,83,82,87,82,86,83,81,78,85,85,73,72,77,82,81,78,79,73,80,83,90,81,86,77,82,80,82,79,87,87,73,83,76,84,84,83,79,84,81,86,78,81,86,85,82
Chelsea,70,69,73,70,75,70,78,68,63,66,69,72,66,72,73,69,73,83,74,69,75,69,74,68,73,68,71,76,66,67,68,76,75,70,75,78,79,71,74,66,69,70,69,74,65,68,77,66,83,70,76,64,70,74,76,75,73,73,72,69,75,77,69,74,71,76,79,71,74,71,71,78,74,72,75,73,75,75,64,73,73,76,68,77,74,72,62,72,71,75,75,71,67,68,69,65,79,67,68,74,69,72,73,78,67,64,75,70,78,73,77,79,72,69,76,70,81,76,76,67,72,64,70,75,74,74,65,76,65,74,71,77,71,75,68,67,73,70,66,79,71,71,77,67,75,77,66,76,73,84,70,73,69,71,75,70,69,75,69,82,71,76,64,76,69,74,74,77,68,66,66,68,72,72,73,77,71,71,70,71,64,66,74,71,77,71,74,70,69,76,70,70,81,66,81,63,81,72,65,77,68,70,73,71,77,73,81,81,71,68,70,73,65,78,60,78,71,71,65,70,74,66,75,73,72,73,78,70,67,74,71,74,72,73,72,76,79,74,72,76,67,77,64,73,77,73,75,71,70,83,71,68,75,78,72,74,67,81,69,75,65,73,74,76,74,73,76,75,65,75,71,71,68,71,70,79,66,73,79,79,71,70,72,73,71,67,69,67,66,79,68,63,78,76,68,72,71,69,66,77,81,73,72,71,78,65,76,68,73,72,79,68,77,71,72,74,70,68,76,74,67,72,82,72,78,69,86,80,77,73,78,71,69,75,77,69,72,75,81,76,71,75,67,66,73,79,72,72,78,68,67,69,72,75,66,72,70,70,72,69,69,74,80,77,87,69,63,80,64,77,71,65,80,75,71,73,71,64,68,77,78,73,71,71,74,78,74,76,71,68,77,77,80,65,68,78,70,72,75,74,73,79,72,63,68,79,69,70,67,63,75,73,67,76,70,72,84,68,83,66,78,75,71,70,78,73,73,72,75,70,82,79,77,76,71,70,70,70,71,75,75,70,69,72,72,74,79,70,72,69,74,66,70,71,69,67,75,69,69,61,75,72,76,68,66,71,69,69,69,68,67,66,69,71,70,72,74,80,72,73,75,74,64,66,75,64,69,69,69,74,70,73,70,74,78,71,64,69,72,77,68,77,71,75,76,67,75,66,72,72,75,76,76,68,70,73,64,76,71,75,71,71,72,72,69,75,79,78,71,75,75,76,75,67,72,76,73,69,75,64,73,79,78,71,73,71,75,75,74,68,78,73,69,75,74,78,74,77,79,65,82,68,70,74,69,74,70,77,79,72,77,71,70,79,70,79,71,65,74,75,77,75,76,79,71,75,77,75,68,77,63,68,77,77,72,71,64,68,68,68,74,70,68,77,72,74,75,71,68,65,73,79,74,77,74,73,75,76,71,67,75,70,83,77,70,66,76,76,81,74,71,76,74,68,69,77,72,74,70,72,74,69,68,66,72,75,72,71,73,72,75,78,62,69,75,67,68,72,67,79,76,79,73,63,70,75,76,67,77,78,73,72,67,78,70,68,81,71,74,78,72,75,82,62,65,70,75,74,74,70,70,72,72,77,72,65,74,70,73,68,74,80,69,74,81,73,77,67,72,74,71,70,75,72,79,75,72,66,77,76,61,75,73,81,71,75,62,72,74,73,74,73,62,73,77,74,77,70,67,69,74,78,74,66,74,69,73,76,71,74,80,78,69,74,73,64,65,66,70,71,67,74,80,72,74,64,72,70,76,72,72,71,80,72,73,78,68,74,67,72,77,75,70,73,68,77,73,66,70,77,62,76,76,65,75,77,72,71,74,69,60,75,80,76,75,75,73,71,75,73,74,74,70,70,65,73,73,65,79,73,65,75,73,74,73,70,74,62,75,71,74,72,70,69,72,69,75,70,74,76,68,72,69,70,77,69,67,72,65,70,74,79,69,69,66,74,72,73,71,73,70,75,78,76,67,70,76,73,74,72,78,73,73,69,69,74,69,79,76,73,79,67,67,70,69,77,80,72,71,75,73,73,71,74,69,66,72,76,68,66,72,77,70,76,74,67,75,68,66,67,74,72,70,76,67,77,65,78,70,73,73,73,78,73,73,71,83,70,81,72,72,73,71,64,75,72,71,71,76,76,72,72,68,74,77,72,72,70,74,77,74,72,73,74,73,71,76,69,70,75,72,70,77,78,72,73,73,61,73,71,75,66,72,81,65,71,74,72,77,61,72,74,71,69,71,72,71,76,82,73,69,72,71,70,70,71,71,75,79,73
Manchester Utd,54,67,70,68,54,61,60,57,60,55,65,55,58,59,63,64,53,57,57,57,55,57,60,55,52,56,59,58,51,56,53,62,56,54,55,61,63,55,59,63,61,65,51,50,59,63,50,61,57,54,54,56,61,59,63,57,59,60,59,59,66,54,52,63,65,55,66,55,53,60,63,52,50,55,66,66,59,56,64,64,58,60,66,49,69,56,61,55,58,63,62,62,56,62,58,59,59,57,54,58,64,61,55,57,60,58,67,57,60,53,61,61,61,55,54,62,57,53,47,64,56,63,61,59,58,56,59,59,62,55,50,55,52,53,60,56,61,55,48,54,52,55,56,62,59,52,67,57,57,72,62,53,64,56,68,64,59,57,56,60,59,59,61,48,60,54,56,62,63,64,55,56,61,64,56,63,59,66,55,68,60,63,63,70,61,55,58,60,63,57,58,54,60,65,71,59,55,54,59,51,57,46,55,55,55,54,48,52,63,61,62,65,58,60,67,61,51,51,50,51,71,56,56,58,48,59,53,50,57,58,60,63,52,61,60,67,49,56,59,56,55,56,51,57,59,55,53,52,55,54,52,62,57,60,56,54,54,61,58,63,55,59,58,53,70,61,49,59,62,58,62,61,55,52,64,53,51,56,51,60,57,58,58,54,66,58,59,54,61,54,60,61,56,65,64,57,52,67,61,51,54,63,60,63,59,65,54,65,62,63,51,64,57,60,51,58,48,55,47,60,50,50,56,65,60,65,54,52,58,63,55,53,54,58,56,61,55,63,60,61,55,52,62,56,68,50,57,49,61,59,56,58,63,61,59,55,59,58,54,55,64,62,62,60,47,63,57,57,57,58,55,52,60,57,50,59,57,62,63,59,56,63,51,63,64,50,53,53,68,59,56,44,59,55,53,59,65,65,62,63,56,52,48,59,65,58,52,56,58,60,61,58,62,61,59,59,64,60,51,57,55,55,66,49,60,45,69,60,54,56,51,60,56,57,64,63,65,58,53,53,66,67,67,53,64,57,60,61,63,60,55,54,63,54,57,49,57,54,60,66,63,65,56,63,59,58,48,59,52,58,60,58,64,63,57,55,55,57,57,55,58,61,51,66,59,53,59,65,56,50,59,54,61,48,55,61,57,50,59,57,62,56,57,64,60,57,53,50,54,58,57,61,56,67,58,72,64,61,56,60,58,54,56,50,64,54,60,61,58,58,61,55,55,60,47,58,60,61,50,57,56,51,59,59,57,61,56,59,56,56,59,50,59,55,57,57,57,62,57,57,52,71,55,55,63,62,63,54,50,64,49,63,62,50,56,57,55,70,61,57,57,67,55,65,61,57,59,58,52,52,71,52,54,62,60,59,67,52,60,58,62,65,54,55,62,59,55,51,55,65,63,56,56,62,53,63,60,57,62,55,60,59,58,61,66,52,61,59,64,52,54,64,67,57,58,56,66,58,52,60,56,62,58,58,51,50,53,58,60,60,64,54,62,58,52,55,55,52,63,59,54,61,53,57,56,63,59,61,56,66,56,55,58,57,66,68,55,58,48,52,53,60,56,57,64,55,51,59,57,60,55,53,60,56,58,58,53,54,61,57,53,55,60,65,57,57,66,63,57,57,58,63,60,56,54,59,52,59,59,55,56,64,63,57,59,62,62,51,55,53,58,50,62,57,60,51,61,61,59,55,60,54,63,53,58,53,58,59,59,58,58,67,57,61,59,66,46,60,60,57,55,53,60,54,55,56,56,58,51,49,58,55,55,52,63,56,52,64,60,58,56,59,62,57,56,64,62,59,53,65,64,53,61,55,57,56,54,59,62,60,62,63,61,49,60,67,62,62,60,57,66,61,62,57,58,61,60,50,52,60,48,57,58,56,61,59,57,54,59,62,58,54,53,67,66,59,68,56,47,57,48,53,51,55,53,56,57,55,64,58,54,48,58,57,65,63,63,52,52,57,66,51,57,62,52,60,59,55,54,58,60,60,53,58,63,55,61,60,59,65,58,55,53,54,59,47,56,61,58,66,56,52,64,53,63,68,59,53,53,68,53,59,64,56,60,61,62,54,57,52,57,56,56,53,56,56,55,62,60,61,54,70,65,65,57,55,64,58,56,61,55,65,63,62,60,60,64,64,54,56,55,60,55,56,52,56,53,50,64,53,59,59,53,57,49,51,55,55,60,62,52,59,61,56,61,66,52,53,60,62,49,64,66,59,56,55,52,52,62,47,52,54,67,56,53,52,64,52,56,62,62,60,57,57,58,61,56,58,58,58
West Ham,57,50,56,54,61,57,56,54,60,52,64,56,60,56,55,64,55,56,52,47,63,60,56,59,64,55,58,54,58,48,62,57,53,57,51,60,58,49,54,46,56,51,57,58,63,55,54,58,57,55,58,49,51,48,54,53,56,63,55,49,51,55,58,57,57,53,54,57,62,56,55,56,63,46,58,59,52,51,56,60,59,48,63,62,56,57,63,56,54,44,60,52,54,56,56,62,52,58,50,57,57,57,61,58,61,57,59,59,58,54,52,60,59,57,55,52,56,57,54,51,54,59,58,52,56,55,55,53,67,57,64,56,55,51,61,63,54,57,58,58,61,59,58,52,53,57,53,54,60,61,50,53,56,54,58,61,59,56,59,59,67,54,55,59,53,59,59,62,59,50,54,52,55,56,57,50,55,60,54,55,59,59,51,58,55,56,53,59,56,55,57,48,56,54,64,59,56,55,56,54,59,56,60,57,57,56,51,51,54,57,50,60,56,53,52,62,58,58,64,55,53,63,61,53,58,59,55,57,55,56,60,61,57,53,56,64,57,62,52,52,56,54,52,64,56,53,60,57,58,63,47,60,53,56,57,60,56,56,58,52,64,54,53,55,60,61,61,65,65,50,58,58,49,52,57,58,59,49,51,62,49,64,50,53,52,63,53,55,58,60,48,65,60,59,59,56,56,53,61,59,53,58,51,55,56,56,56,56,57,59,60,54,64,55,53,52,66,52,57,46,56,58,57,60,48,58,49,51,57,52,58,47,59,60,56,54,49,54,50,58,49,59,59,63,58,56,54,55,50,59,63,58,51,56,54,53,61,57,60,46,53,59,61,55,61,57,56,57,55,56,59,56,59,63,55,65,53,55,55,60,56,59,50,55,64,53,57,63,52,65,56,64,54,58,53,56,63,53,53,53,58,54,53,58,57,52,60,65,56,63,52,57,56,58,53,53,55,53,61,62,55,56,51,60,52,53,52,51,60,54,55,59,64,53,49,63,62,55,64,54,58,50,51,58,51,57,53,57,54,57,60,60,51,54,61,57,51,52,56,62,59,51,55,54,60,60,63,59,52,66,57,54,57,56,55,63,57,59,51,51,58,57,56,58,54,48,53,62,58,59,61,60,55,52,62,58,62,60,57,61,59,54,52,62,64,59,52,61,57,60,57,60,63,52,59,64,55,55,53,56,52,54,55,59,54,59,52,56,62,62,55,59,58,56,47,56,47,58,54,60,54,59,57,46,59,58,64,55,59,65,54,59,58,53,55,53,47,52,60,50,59,58,57,58,51,58,51,63,59,61,54,52,63,66,60,51,53,50,59,52,51,53,59,50,55,53,58,68,58,59,58,59,59,53,53,55,66,56,55,49,50,58,55,55,60,54,54,62,51,53,61,50,60,56,53,60,68,52,53,57,60,57,49,54,57,51,57,57,62,60,60,59,69,59,64,60,47,52,57,60,57,51,52,53,61,60,62,60,57,51,52,52,65,56,60,64,60,59,47,57,51,52,53,53,57,57,59,62,57,57,54,57,59,61,53,55,53,53,63,63,66,58,55,54,57,59,66,51,58,58,52,57,60,50,53,52,62,60,59,50,58,53,61,60,51,68,53,57,59,48,57,54,60,52,56,57,59,53,52,58,56,52,54,57,51,51,49,48,61,65,59,51,52,57,51,55,50,52,59,58,58,56,61,60,61,52,56,57,53,62,55,56,66,54,46,60,58,60,55,53,50,54,55,61,53,56,59,58,53,53,54,56,61,61,51,55,46,60,53,51,57,55,52,54,56,65,52,58,57,55,59,58,54,54,62,56,62,55,65,57,63,57,53,56,61,55,52,64,58,54,64,63,52,58,55,65,57,63,57,58,53,61,48,56,55,62,57,61,54,52,52,53,54,57,57,58,62,51,56,48,53,56,56,58,61,61,56,58,55,50,51,63,57,60,53,60,47,54,65,58,53,60,59,57,50,53,66,47,57,59,53,60,59,63,62,62,51,54,55,62,67,60,59,53,52,49,64,59,61,58,54,57,55,52,60,59,59,53,62,54,45,58,49,57,53,53,63,59,54,60,50,54,47,57,52,51,55,53,53,53,58,55,57,57,61,56,53,61,51,62,62,51,59,57,52,60,57,51,52,54,54,65,64,55,48,53,56,46,56,58,62,55,56,61,55,53,55,50,59,59,57,56,54,63,52,54,50,54,48,60,57,63,55,45,57,63,64,60,62,55,60,53,55,68,52,50,52,53,57,57,54,55,53,63,57,59,52,54,55,51
Arsenal,57,70,60,63,62,73,64,68,62,74,64,64,72,59,66,69,57,66,65,60,65,66,64,67,64,60,62,53,68,69,63,63,68,73,62,66,71,62,62,71,67,72,65,61,65,70,73,69,64,72,75,68,59,68,62,66,70,66,64,70,66,66,63,64,69,58,72,62,64,70,57,65,61,61,59,69,71,76,60,62,72,68,69,64,66,55,64,70,65,71,69,67,66,59,56,66,70,60,71,63,63,61,71,67,66,70,55,76,63,66,68,64,62,66,68,59,63,64,68,64,68,51,71,61,68,73,60,60,64,71,62,66,71,64,67,68,73,66,70,58,66,64,56,55,70,72,67,59,69,67,58,63,69,65,60,68,62,69,67,63,71,64,65,64,67,65,63,61,74,66,55,62,71,63,59,65,66,71,66,67,66,61,55,55,64,72,59,71,65,63,63,67,61,66,63,58,63,68,65,68,73,63,62,70,56,63,58,59,71,65,71,61,59,59,69,62,57,60,56,63,60,61,63,63,72,66,72,58,64,61,61,75,62,63,64,57,66,62,73,62,77,70,65,59,70,64,63,63,68,71,60,56,61,65,65,66,63,60,68,65,75,67,65,66,62,62,69,69,66,63,67,67,70,65,70,57,61,68,65,71,67,61,69,71,63,68,66,68,64,72,64,63,64,59,58,65,63,72,59,65,62,67,70,69,66,65,54,66,62,65,68,62,64,71,74,70,68,72,57,72,69,67,64,58,67,68,64,62,59,61,72,58,65,76,67,62,69,69,69,67,64,64,59,61,77,71,64,62,57,60,60,72,61,62,65,62,59,68,60,70,70,64,64,60,63,62,63,68,61,61,55,64,75,70,53,65,68,58,71,66,63,61,63,77,64,61,59,63,66,67,69,60,67,71,69,62,60,72,73,69,77,68,67,60,60,63,59,56,63,64,64,62,71,71,70,68,63,61,67,62,67,68,69,71,54,71,74,63,74,62,63,69,63,78,55,64,57,65,58,71,52,65,67,74,68,75,55,56,63,66,60,59,67,71,72,61,65,70,56,68,63,61,57,69,60,66,58,76,67,63,71,69,68,67,71,75,69,59,67,66,59,64,60,60,69,56,70,68,66,62,66,71,60,59,64,54,65,60,66,55,58,71,62,72,58,69,66,65,61,70,67,68,61,65,63,63,62,63,61,64,68,70,63,63,61,79,63,66,66,59,65,66,67,61,85,56,69,58,69,71,68,68,67,61,60,66,61,70,61,65,54,70,71,65,71,62,63,64,58,65,75,67,61,60,62,63,61,58,70,67,61,66,65,68,63,60,77,62,65,66,63,71,73,63,65,62,58,71,67,62,57,74,68,65,65,67,62,64,60,60,64,72,64,65,54,64,69,73,69,67,69,68,73,71,62,70,60,64,67,65,63,71,69,67,71,70,57,74,52,68,64,66,68,67,74,65,59,66,66,62,65,63,65,66,61,69,66,60,68,65,64,63,65,59,56,78,63,63,62,64,68,62,62,65,71,61,73,71,69,69,66,67,65,53,74,68,67,60,64,66,65,60,66,68,69,71,60,65,66,73,65,52,66,64,65,63,61,59,68,68,58,56,58,59,65,58,55,60,62,70,66,61,69,67,62,68,73,74,80,75,60,65,75,74,60,74,54,71,59,72,61,65,71,64,55,68,78,63,69,64,62,68,60,59,65,68,61,61,68,70,64,69,67,71,61,66,74,63,66,65,65,71,64,74,66,73,67,66,59,70,65,56,69,64,70,66,55,50,66,63,57,56,66,70,64,68,66,62,62,65,64,66,63,68,68,61,67,58,66,64,62,65,65,63,69,61,72,69,62,60,66,71,64,66,70,62,57,59,64,69,69,62,63,57,65,71,61,70,60,63,66,67,70,68,65,67,58,59,65,61,73,66,67,63,71,53,63,62,70,62,62,74,56,72,65,72,59,73,63,69,67,64,57,65,72,57,51,61,61,58,64,67,76,57,64,59,74,66,62,58,66,73,63,66,82,70,63,67,70,63,61,64,53,64,60,65,58,62,65,56,65,68,70,67,57,73,56,66,66,66,72,58,66,71,70,69,67,57,62,69,66,66,69,65,71,65,68,63,66,69,65,66,63,63,68,63,61,58,67,64,67,65,67,66,65,63,58,65,61,58,66,63,59,65,73,67,64,62,62,58,63,63,73,66,63,57,64,68,61,56,75,65,70,67,67,73,67,65,56,65,72,69,65,60,63,68,63,58,64,56,66,65,67,60,63,73,64,70,70,65
Tottenham,61,69,55,61,61,63,62,58,62,61,65,59,54,67,60,66,62,57,51,65,55,73,56,62,66,60,63,59,65,60,67,70,60,59,69,60,65,62,55,53,53,67,53,58,64,58,72,60,66,57,61,65,67,49,61,71,60,51,70,50,67,56,66,57,61,56,60,58,60,58,61,59,65,64,59,54,62,67,73,60,60,61,60,57,68,53,62,54,67,70,63,56,61,67,67,63,58,55,58,53,58,62,62,54,67,70,66,69,54,61,60,61,68,66,65,60,63,63,60,66,64,54,61,55,54,65,52,50,57,61,61,66,66,63,66,63,64,59,71,53,59,64,61,70,67,59,68,61,56,66,57,66,67,60,57,62,71,57,60,62,55,66,54,69,62,63,71,56,51,59,58,59,62,69,54,64,69,63,54,55,59,59,60,69,53,61,69,53,62,60,51,55,61,71,58,55,63,64,57,55,55,61,54,60,61,57,64,65,67,68,63,75,55,58,60,64,56,56,54,61,68,62,58,66,60,55,60,69,58,61,55,60,62,54,69,70,53,60,61,62,48,52,60,57,58,65,56,69,66,71,54,62,63,59,57,55,57,63,63,60,53,65,67,55,67,61,64,53,54,56,67,61,67,56,63,60,66,59,63,64,55,54,59,66,54,56,60,58,64,65,55,57,53,53,67,54,60,58,63,56,68,58,65,55,59,55,60,62,61,64,61,55,57,60,53,57,63,56,62,52,67,51,59,68,64,59,60,54,60,57,67,59,59,63,50,56,63,56,58,64,63,68,58,65,62,48,63,62,57,65,68,51,59,69,61,62,55,64,66,70,59,58,57,56,62,68,53,51,68,56,67,63,56,60,61,62,67,66,61,56,53,56,59,55,56,69,54,65,58,57,63,59,66,53,60,59,63,55,60,61,65,71,58,62,69,58,60,57,55,57,59,57,63,58,57,62,58,61,62,57,55,53,63,61,60,65,46,57,58,63,64,59,70,53,64,63,59,59,56,57,58,61,61,64,53,61,64,56,57,65,60,59,68,58,58,56,59,60,69,64,63,64,50,57,54,62,66,55,55,69,57,54,70,52,64,65,53,72,61,71,66,67,57,55,69,61,64,61,62,65,62,54,67,64,52,65,57,63,63,61,67,64,65,58,68,62,57,56,56,62,61,66,64,65,63,60,49,64,55,64,57,61,62,63,59,63,72,63,53,66,66,67,60,59,62,70,65,64,67,60,66,55,60,61,62,59,50,65,60,54,54,62,57,56,59,69,62,58,49,64,61,59,56,60,59,54,68,61,63,50,61,63,69,52,52,60,58,62,63,63,61,65,57,57,68,53,57,61,59,62,61,59,67,58,53,64,63,65,63,61,60,64,59,70,65,71,58,61,62,68,64,65,55,59,65,58,56,56,60,58,68,61,60,58,57,60,66,68,60,57,57,69,63,58,60,60,57,62,68,56,60,53,51,76,57,63,63,58,54,58,65,62,66,57,70,54,67,57,64,56,51,62,62,67,54,64,61,63,59,64,58,61,56,66,60,58,68,59,52,61,49,60,70,67,63,58,64,59,63,61,59,60,53,59,63,53,61,61,53,64,59,70,60,66,55,60,67,53,56,63,79,62,63,62,58,63,66,63,58,60,65,54,56,66,68,64,63,56,75,63,54,62,64,63,64,62,64,59,57,57,55,61,66,67,65,58,56,65,55,62,66,64,54,59,64,55,63,59,71,59,63,63,55,69,60,65,56,62,57,63,68,69,64,67,55,59,65,53,58,67,59,69,59,56,59,62,59,65,62,58,64,60,60,63,61,59,55,69,59,59,72,61,64,58,71,61,63,48,62,58,73,59,53,67,56,55,60,66,51,66,57,63,55,58,55,62,65,64,54,58,62,61,65,66,62,54,63,56,63,63,75,55,66,64,57,64,56,62,62,70,75,64,70,68,59,61,58,56,66,58,53,67,64,62,62,55,63,74,50,61,60,64,65,60,56,60,58,60,69,62,64,54,65,55,56,63,59,56,57,66,59,63,56,65,60,58,57,66,66,61,60,52,61,63,62,60,63,67,71,64,60,61,72,63,58,66,57,63,66,59,58,57,63,58,50,61,62,51,62,70,74,68,56,70,61,63,57,57,62,62,59,60,59,64,64,65,59,57,55,51,69,60,65,65,68,64,51,57,59,59,73,59,63,65,58,55,69,66,58,62,65,61,66,64,63,62,68,61,53,62,51,62,59,59,69,55,64,67,66,61,55,53,58,49,67,56,63,62,57,48
Wolves,56,56,59,61,53,49,58,53,56,55,43,53,60,50,50,57,52,52,57,64,52,52,44,54,46,53,57,52,51,56,56,44,53,60,46,52,57,51,51,57,51,46,54,44,55,55,54,54,57,53,59,60,51,58,54,55,58,56,58,58,51,59,52,49,60,58,48,52,45,53,54,46,45,49,62,58,49,53,52,53,49,57,54,46,55,49,67,65,55,66,57,50,53,54,60,48,58,60,50,47,51,60,48,53,54,55,55,51,58,42,43,53,50,64,58,54,50,52,54,60,50,53,61,61,56,60,55,51,55,61,52,51,50,52,54,50,52,49,51,57,52,50,55,58,55,60,55,57,57,51,55,45,54,48,58,56,54,57,54,55,50,48,52,57,54,51,58,52,52,54,51,51,55,47,50,49,58,46,48,57,63,58,56,50,55,57,54,59,54,54,55,54,55,62,50,62,60,55,60,57,48,49,50,60,52,43,52,52,48,55,53,56,60,58,56,46,53,60,53,52,50,54,60,46,50,53,50,51,58,47,55,51,57,57,56,52,53,54,55,57,55,56,58,57,44,55,52,56,59,61,55,46,62,62,55,53,52,54,55,49,61,52,47,53,50,49,43,52,61,52,51,57,60,60,51,54,52,52,53,53,56,52,60,57,49,49,59,48,53,61,50,52,58,59,50,63,56,58,50,54,49,52,53,52,53,50,65,55,53,53,50,59,55,50,57,61,58,51,58,53,55,56,56,54,52,51,52,52,51,59,61,52,52,54,59,58,58,49,47,57,49,55,52,57,59,52,55,48,63,48,56,54,59,59,55,51,60,51,54,61,54,45,63,51,56,57,54,55,54,58,57,61,61,52,49,54,66,56,57,52,60,48,54,55,47,57,64,57,51,62,46,51,56,49,63,65,54,53,49,54,55,60,59,46,56,56,57,52,60,54,50,58,50,53,57,56,57,55,60,57,55,54,49,45,53,56,50,55,54,56,43,56,58,64,59,56,43,58,59,48,59,60,53,57,59,59,59,57,58,61,57,57,54,46,51,52,53,55,57,51,54,59,57,56,62,60,57,58,61,46,51,66,55,53,56,54,57,53,58,54,59,44,54,57,60,55,45,51,64,56,62,58,54,56,58,54,54,58,55,53,57,55,51,45,54,63,54,55,51,60,51,52,53,60,65,51,55,64,50,49,55,51,52,59,54,55,53,48,53,56,61,53,56,53,48,51,56,50,53,56,56,55,65,59,55,57,56,55,51,46,50,45,53,54,53,56,58,54,49,58,49,59,54,60,50,48,56,52,54,58,64,52,58,59,53,59,61,49,56,61,53,63,60,53,51,64,45,46,46,64,47,51,57,63,45,50,48,52,53,61,54,60,63,48,60,45,46,57,60,53,48,43,52,50,58,43,56,51,52,51,62,49,52,58,47,57,46,47,53,48,61,55,50,53,51,51,56,57,50,52,48,61,55,57,53,55,57,61,50,51,48,53,53,46,64,51,44,52,46,51,47,64,56,64,52,51,48,56,57,49,62,49,59,50,59,51,49,48,66,56,52,49,55,51,53,56,58,60,46,59,61,58,52,48,48,53,50,53,51,56,56,51,61,56,57,55,55,51,55,56,58,55,60,49,47,48,59,58,50,58,53,61,51,51,47,53,64,55,55,60,65,55,60,61,56,63,45,49,45,49,62,59,60,60,50,47,49,50,59,47,61,55,51,51,54,58,55,46,58,68,59,51,58,52,54,58,53,55,53,53,58,54,59,54,54,45,58,60,58,54,56,65,53,53,59,50,62,51,51,59,52,65,56,46,50,49,56,51,54,56,58,59,51,52,58,45,51,53,59,49,50,46,52,52,54,60,62,58,51,54,59,47,54,51,59,62,52,59,58,52,49,54,50,51,64,54,56,55,58,46,59,55,55,51,44,49,54,49,59,62,51,55,54,50,52,51,60,52,57,47,60,56,55,58,56,54,61,49,59,53,57,59,53,47,50,47,57,51,51,55,51,53,53,63,57,63,53,54,64,50,56,45,52,49,58,54,55,51,56,57,54,57,50,53,54,49,52,51,51,55,50,51,47,53,53,54,50,55,53,54,61,54,47,52,46,50,51,60,45,49,54,43,68,59,51,59,45,55,51,49,55,59,51,55,54,70,51,57,49,54,48,59,50,49,54,55,63,51,54,56,49,49,52,54,62,57,55,53,60,56,48,50,58,53,55,50,53,49,53,49,56,54,48,53,56,56,47,52,55,59,47,57,61,59,58,59,50,62,55,51
Brighton,52,47,51,52,55,53,49,51,49,49,46,53,53,50,50,57,52,54,56,49,54,49,50,60,56,45,57,56,52,57,52,51,63,48,58,53,49,63,59,53,57,48,56,63,48,46,57,55,48,58,54,43,57,58,52,52,53,61,46,49,49,49,52,46,50,49,53,54,49,49,56,53,48,53,55,55,61,50,54,44,55,46,53,52,52,52,55,46,52,49,49,49,56,58,55,57,54,56,55,57,55,49,52,56,58,53,56,50,49,53,55,56,55,49,56,49,62,53,61,56,52,60,51,51,47,48,51,50,50,62,55,42,55,45,56,55,47,63,51,57,55,53,58,53,51,54,51,56,50,48,53,66,48,53,50,53,45,52,48,57,52,56,55,57,51,43,53,59,51,41,48,53,52,51,50,50,40,53,59,51,57,63,44,59,48,52,57,50,51,55,63,56,57,49,55,48,51,53,48,56,66,50,56,47,52,51,60,59,47,50,53,47,47,53,54,53,50,56,51,54,59,51,53,62,57,45,45,54,56,52,54,54,44,51,51,52,56,55,50,49,56,59,60,44,50,58,51,56,50,52,51,48,55,46,60,54,47,54,55,49,57,46,50,54,49,52,53,52,60,50,57,47,44,53,58,50,56,60,48,46,59,53,51,50,53,51,61,47,53,49,53,46,50,51,53,50,55,57,56,66,67,50,55,46,48,57,51,51,42,53,63,54,62,55,64,46,55,53,56,60,44,55,54,59,57,52,54,53,48,53,56,58,59,52,51,53,54,48,60,54,54,54,54,56,50,58,52,59,48,55,58,63,51,55,58,52,49,49,53,54,49,58,54,61,48,45,53,51,58,49,55,49,43,50,57,46,57,55,49,57,54,48,53,51,48,54,57,52,54,55,45,55,51,56,47,55,53,58,49,53,48,57,50,51,49,49,57,54,51,48,48,51,53,50,56,54,50,57,54,46,58,51,50,46,45,53,54,59,58,47,51,53,49,53,57,46,55,55,63,54,57,53,44,56,57,54,63,55,47,60,53,53,44,56,50,58,50,56,48,50,57,44,55,53,53,50,55,46,56,59,49,62,53,51,51,43,49,55,50,58,55,52,55,57,49,56,60,42,51,53,57,49,59,61,44,58,54,49,49,58,52,55,59,47,54,45,53,53,47,50,54,54,57,47,54,48,61,52,56,51,54,46,55,55,58,55,56,55,62,50,45,47,55,50,57,58,49,57,60,55,53,56,49,53,58,48,51,60,57,49,46,63,51,60,45,54,55,50,53,53,57,53,52,49,55,52,51,49,51,49,57,45,50,58,51,54,51,48,50,56,49,52,49,52,55,54,55,51,57,57,56,42,52,53,55,54,48,53,55,46,55,53,52,52,50,49,50,50,57,59,50,53,49,56,47,50,55,53,53,58,42,50,54,58,56,50,51,51,53,52,51,47,47,57,57,57,58,51,46,57,54,56,55,57,46,53,46,51,61,53,52,50,47,44,52,52,49,57,53,52,52,58,57,55,59,53,44,60,60,62,57,53,54,49,51,47,54,54,60,48,54,56,49,60,50,56,49,59,45,52,58,52,52,56,59,47,54,58,52,56,55,56,49,52,52,56,43,59,49,48,54,49,47,48,56,60,54,52,49,51,50,61,58,48,51,48,58,57,48,56,50,52,55,50,51,52,57,53,53,54,48,44,50,52,54,57,58,51,51,55,50,51,60,50,62,53,54,49,54,59,58,50,60,44,53,52,49,52,54,59,45,56,53,47,45,52,56,54,48,42,51,44,49,47,45,46,62,56,52,49,54,46,50,53,51,52,57,52,49,58,49,53,45,52,42,52,48,46,44,50,43,56,46,50,55,45,55,48,53,55,54,52,47,52,48,47,51,45,52,50,56,45,55,44,55,55,53,55,50,61,44,48,53,56,53,53,54,46,56,50,55,45,52,52,48,47,48,53,59,50,58,52,51,47,51,50,48,50,56,45,49,47,52,54,57,49,48,48,52,52,51,45,53,56,45,49,55,52,48,51,59,51,52,52,60,51,42,45,47,50,67,47,52,44,52,50,49,55,52,58,56,55,51,56,51,58,49,51,53,45,52,56,45,52,50,55,49,50,48,53,49,51,50,51,55,57,51,58,51,58,53,57,49,58,52,50,58,56,51,52,52,61,52,52,49,54,52,58,51,52,49,56,47,48,43,45,56,62,61,51,61,46,51,53,55,54,49,54,51,49,52,45,53,50,46,56,58,57,50,49,57,57,55,50,53,45,57,52,55,50
Southampton,40,45,50,45,50,50,48,40,44,52,43,43,45,48,45,42,42,53,41,50,53,53,43,41,54,47,42,49,39,46,46,48,45,46,40,40,51,53,57,42,44,46,46,52,40,43,46,45,49,38,45,47,45,50,46,52,51,40,57,53,44,50,45,48,46,57,45,53,53,46,45,46,47,45,52,43,44,55,38,50,43,45,42,41,53,41,49,50,51,51,45,46,49,57,38,43,49,42,57,46,45,46,44,49,51,55,47,53,44,42,40,44,57,55,52,43,44,44,43,55,48,46,47,46,44,47,42,44,53,42,50,43,47,41,44,42,54,44,42,45,48,46,41,36,47,51,51,45,51,54,47,42,52,49,51,48,45,58,57,49,38,43,53,45,53,40,42,43,57,50,45,47,43,44,44,48,52,49,41,45,42,47,53,46,47,53,51,41,48,39,50,48,45,46,39,41,55,40,45,44,41,44,46,54,42,50,42,49,46,44,46,43,48,41,46,46,45,49,48,38,49,47,46,49,44,43,45,48,43,47,55,50,53,48,45,41,47,47,42,41,41,44,55,48,42,48,49,50,41,50,57,48,48,49,53,52,50,47,46,51,50,53,39,48,53,43,39,45,49,47,50,40,41,43,47,47,35,48,39,38,45,43,47,45,45,46,47,51,43,41,43,46,48,43,42,42,50,48,39,44,47,48,54,45,54,48,43,47,46,42,44,45,43,41,46,44,55,48,42,46,47,37,43,51,41,47,51,46,47,42,52,43,48,48,46,51,48,50,42,42,44,43,51,47,45,46,48,48,42,52,49,47,44,45,49,45,45,55,49,52,44,46,58,46,46,51,49,45,48,45,44,49,42,41,48,44,42,46,47,42,47,45,50,50,43,47,50,39,49,43,37,36,43,49,51,50,44,43,56,52,47,37,44,48,53,45,54,49,46,49,45,49,52,43,52,44,38,47,41,36,48,47,50,43,44,48,45,49,42,53,55,46,50,46,46,48,50,42,45,47,42,51,39,43,47,49,47,50,44,43,45,50,50,53,46,43,44,48,42,46,38,49,47,47,49,49,50,55,51,57,42,42,43,52,43,45,46,48,51,41,48,50,44,45,50,53,46,46,42,46,40,38,43,44,51,45,45,45,46,50,45,50,41,41,50,46,48,42,54,45,45,42,39,50,48,49,49,50,46,53,49,50,45,46,48,46,51,43,46,45,47,48,46,46,38,52,49,48,49,51,46,50,49,47,46,48,50,47,42,53,42,44,55,45,44,47,46,47,51,48,48,55,45,52,51,42,45,39,43,54,45,48,40,54,46,53,36,45,51,42,40,48,55,48,51,46,49,53,53,40,44,45,49,47,46,45,54,47,46,44,45,51,51,51,50,40,46,47,46,47,39,41,43,48,51,46,46,48,48,49,42,41,53,41,52,53,46,43,56,47,55,43,46,45,42,47,43,48,51,44,45,47,45,44,48,46,44,43,49,47,50,46,53,56,47,46,51,43,51,45,43,49,44,53,40,42,39,43,39,49,44,51,42,49,43,46,44,51,47,45,39,42,51,53,44,41,39,46,43,41,45,49,58,51,47,44,47,47,46,46,46,45,46,48,48,53,50,48,47,46,43,38,42,48,43,51,43,49,47,44,50,45,39,42,41,45,43,43,50,49,47,53,45,50,47,48,47,52,47,44,45,45,51,47,46,46,44,43,48,43,50,47,45,47,46,41,46,49,40,41,44,42,56,52,45,41,45,40,38,40,47,54,44,50,38,52,48,51,38,49,50,48,52,44,40,52,52,48,46,54,48,52,52,46,40,52,47,48,51,49,49,46,51,44,42,43,48,49,43,46,43,42,51,48,50,49,42,53,47,52,45,41,45,55,51,41,46,43,58,44,40,54,49,49,46,42,56,47,43,44,42,49,51,54,43,48,45,55,46,44,43,46,48,48,47,47,45,53,47,36,43,42,48,49,50,42,53,42,45,50,49,42,42,43,50,50,46,42,49,40,44,39,47,48,50,46,45,45,54,42,45,54,49,47,48,54,52,54,51,55,44,45,52,57,38,51,45,45,44,48,44,47,46,44,35,45,51,46,45,47,47,42,44,50,41,44,47,48,46,39,49,45,43,46,41,43,51,48,41,48,55,51,44,48,43,46,48,46,46,45,45,46,39,51,37,44,42,56,44,45,50,45,43,53,52,48,50,48,38,45,50,51,46,52,45,45,44,41,46,46,48,45,47,53,58,44,43,47,45,45,46,42,52,46,39,44,54,53,47,46
Aston Villa,53,37,41,43,54,41,43,51,49,41,45,49,50,50,43,37,42,45,45,44,38,44,45,42,47,46,46,38,54,51,46,48,46,51,55,41,42,50,51,44,45,59,49,43,42,55,46,50,45,47,42,51,48,42,48,46,49,46,38,54,44,48,53,54,42,43,44,47,51,42,43,53,43,48,46,47,48,42,42,48,50,50,43,39,43,56,38,44,45,54,43,50,56,45,42,53,46,52,55,45,46,37,42,46,52,47,44,48,46,53,45,49,43,39,47,46,46,50,45,38,52,47,41,48,46,45,51,49,47,42,42,39,42,43,49,47,42,46,46,37,37,45,39,47,54,41,56,51,38,45,43,49,43,46,44,49,45,45,46,49,39,47,51,40,40,47,34,46,51,52,41,42,49,53,48,39,44,52,51,43,51,37,47,44,52,45,45,42,46,49,42,45,49,43,51,46,44,43,49,43,46,35,38,36,41,52,46,45,46,56,47,43,53,37,46,49,55,40,49,57,43,43,45,45,41,48,48,47,48,55,52,42,44,42,40,40,54,46,42,44,55,42,48,40,47,44,40,36,37,38,43,49,47,46,43,52,45,51,43,50,41,46,45,48,49,47,46,47,47,46,37,46,45,49,44,43,60,42,41,40,57,40,58,40,52,51,53,50,44,40,45,50,47,55,39,52,49,53,43,47,42,44,43,49,53,51,54,44,49,53,46,39,46,46,41,46,49,46,44,39,47,50,50,51,41,45,56,45,45,58,49,50,52,44,39,43,53,49,49,51,43,48,44,44,40,46,46,49,41,45,53,38,47,38,38,49,36,45,37,48,43,45,35,50,53,48,55,52,47,43,50,45,45,47,38,50,42,38,36,46,57,51,52,43,43,43,48,38,39,52,42,44,54,44,44,49,40,40,47,44,44,54,49,52,45,48,45,49,45,47,43,51,43,46,45,50,45,49,52,43,49,41,45,52,49,46,37,46,46,46,52,49,46,46,53,50,61,42,53,43,34,52,46,50,50,42,41,44,48,45,42,39,44,45,46,50,52,52,52,48,49,43,44,48,44,40,39,45,37,43,52,52,56,45,43,41,42,44,42,46,49,49,52,56,45,59,45,47,47,46,36,45,46,44,37,46,43,44,48,45,48,41,44,49,45,43,50,41,51,40,44,41,43,41,46,48,50,45,53,55,44,50,50,43,40,36,44,51,52,44,47,50,37,43,44,40,44,51,39,38,44,45,47,53,52,44,42,52,58,43,47,54,43,40,52,47,39,39,51,41,48,44,44,51,47,44,51,44,51,42,52,52,44,48,43,49,45,48,48,46,56,43,42,41,41,50,49,43,43,48,43,44,37,48,53,45,46,47,52,48,52,45,48,46,44,39,48,40,44,48,49,43,50,37,53,46,45,40,43,50,41,54,51,44,38,56,44,54,58,49,45,51,43,43,43,40,51,46,46,43,53,43,41,42,52,40,41,43,48,52,41,42,42,60,46,45,48,53,45,43,50,40,36,45,53,48,50,45,44,49,43,46,39,54,41,49,50,43,55,44,40,50,44,46,46,51,46,52,49,47,48,53,44,49,55,45,45,51,51,45,44,49,47,42,47,54,52,56,54,44,44,54,47,64,53,47,44,45,48,46,45,46,43,58,49,38,45,50,43,44,47,48,44,50,46,54,45,47,46,49,47,44,45,51,47,55,46,43,46,47,54,37,51,41,52,47,56,50,41,48,45,44,41,35,48,43,46,46,45,41,45,51,45,48,44,47,49,47,44,37,52,44,44,46,45,32,39,50,47,58,43,46,43,36,44,49,50,45,43,44,43,48,47,46,41,56,42,50,41,44,45,46,43,50,50,50,47,41,48,40,48,46,51,56,55,46,42,40,58,48,42,49,50,42,54,50,46,38,44,45,43,49,49,47,50,47,48,48,44,52,42,52,50,44,37,42,41,40,41,44,43,45,49,51,48,42,45,49,41,50,48,46,50,57,41,47,51,45,50,54,41,39,52,43,42,39,51,41,42,50,44,49,45,52,36,49,48,44,45,41,48,46,42,43,58,50,47,42,42,46,61,52,44,38,36,54,47,52,46,44,44,43,58,40,50,41,44,44,45,50,39,40,46,49,44,38,50,48,49,50,45,34,43,47,44,44,48,49,49,48,48,42,54,44,45,48,49,50,44,40,48,44,46,37,43,59,48,44,42,53,46,41,44,55,39,40,55,47,45,56,47,50,44,50,47,52,50,43,48,43,44,51,40,41,50,51,48,49,44,43
Leicester City,55,48,50,51,42,52,56,45,52,57,55,44,47,54,52,46,50,53,56,51,43,46,45,49,48,47,56,47,48,54,43,56,49,52,47,53,41,40,49,50,52,50,51,53,56,46,54,47,41,52,42,42,49,50,48,44,55,44,52,48,50,53,51,54,52,51,43,46,46,56,48,46,48,60,40,45,49,50,48,44,45,52,54,44,51,41,49,56,49,51,53,54,50,46,48,43,41,48,47,59,52,54,45,56,45,52,46,47,51,51,56,51,44,49,52,40,41,51,44,56,53,47,49,52,54,48,48,51,45,52,51,48,47,53,52,47,55,41,50,55,47,58,49,49,39,46,49,51,47,45,50,54,50,49,49,53,46,46,54,52,44,49,52,54,46,51,55,49,53,51,44,49,50,52,60,44,56,54,59,42,46,49,47,46,54,55,57,56,48,46,52,51,53,45,50,50,47,43,46,46,56,53,60,48,50,54,49,44,50,55,51,53,48,50,54,48,53,54,51,53,45,42,52,57,54,52,54,47,47,45,52,52,55,41,54,53,53,43,59,50,42,44,54,53,49,52,53,40,52,46,52,46,51,51,44,52,51,44,52,47,45,56,41,54,45,53,48,56,55,55,49,51,48,52,42,52,59,61,57,42,49,53,42,55,51,55,50,51,53,51,53,46,50,43,47,52,54,48,47,55,55,56,45,45,53,41,52,52,51,50,48,52,42,59,46,52,46,59,51,49,54,49,42,51,56,56,40,52,49,50,45,46,48,43,39,50,55,57,49,48,58,50,59,42,45,45,41,52,46,48,42,46,55,48,55,62,46,39,52,52,56,54,37,53,46,49,46,50,47,51,45,53,42,47,44,46,49,45,49,46,43,45,57,49,55,49,49,37,46,37,56,56,46,47,48,48,51,48,40,38,45,47,50,44,49,51,48,44,41,49,50,47,44,49,54,40,58,60,42,54,44,43,39,50,58,51,53,58,51,51,50,44,35,41,49,46,48,48,41,50,44,55,49,37,52,49,45,50,48,54,56,52,50,55,54,53,51,55,44,40,53,51,60,56,49,40,48,45,49,38,50,53,45,42,49,46,47,49,49,53,47,46,39,52,46,55,47,55,50,42,49,41,52,54,46,45,55,52,52,53,52,46,46,41,49,43,59,46,48,41,45,48,51,44,45,48,52,41,44,42,53,52,51,54,53,51,44,46,43,40,50,47,49,54,47,42,51,48,57,44,60,48,44,40,51,47,45,46,46,45,59,46,50,55,43,49,52,50,56,43,53,49,50,58,44,43,43,45,40,54,53,49,49,47,45,52,47,48,47,48,53,45,41,56,43,43,48,44,58,48,52,47,47,49,49,47,45,53,53,52,48,45,47,48,50,46,47,52,55,44,55,47,45,45,47,50,49,41,47,45,53,49,43,47,49,42,43,44,55,47,48,48,44,51,44,35,63,50,41,48,51,51,64,56,51,48,42,45,53,46,60,41,44,46,55,51,57,52,54,52,47,50,44,50,42,48,51,46,48,48,51,54,46,51,44,47,46,55,51,44,50,50,51,39,45,50,54,48,52,51,51,42,44,50,50,53,43,59,42,52,51,51,50,49,49,50,52,49,55,51,47,44,55,61,51,57,45,47,43,52,48,58,48,46,50,54,56,49,54,44,53,54,45,51,45,54,49,46,52,55,44,50,43,55,50,48,48,46,46,51,48,44,46,47,50,53,42,46,39,54,44,56,47,48,51,58,48,51,49,51,53,55,48,57,51,55,47,58,49,56,46,53,54,53,61,47,50,48,50,39,51,57,46,47,53,48,37,39,51,52,54,46,50,48,54,46,53,55,47,49,46,55,43,42,45,50,57,52,53,49,53,44,47,45,53,47,52,53,52,46,52,46,53,50,45,47,43,54,53,54,49,53,60,44,48,53,52,46,44,43,57,49,49,48,48,46,47,53,47,50,49,48,46,43,49,56,53,52,51,46,50,46,51,61,51,46,45,54,49,43,57,53,53,46,42,53,49,46,45,61,50,55,53,56,47,58,45,52,51,47,52,53,50,51,55,49,53,46,42,50,41,48,50,46,58,51,44,47,50,51,45,50,38,60,46,47,56,49,52,51,49,50,55,47,49,55,57,53,50,49,54,49,55,45,60,46,43,57,59,44,45,53,49,51,54,37,44,55,54,52,52,49,48,47,49,52,53,52,47,57,41,47,48,52,50,46,52,56,40,48,43,58,52,44,44,50,47,49,56,48,51,46,44,48,42,47,57,38,41,51
Crystal Palace,56,49,43,42,45,48,47,53,50,42,44,55,36,40,41,49,48,49,48,45,47,42,51,47,40,39,44,44,48,41,49,43,46,47,51,41,43,56,47,47,48,46,51,53,43,40,43,43,47,49,48,37,52,39,48,44,48,45,43,47,45,53,52,39,37,40,47,42,55,43,47,44,47,48,42,42,47,45,49,44,41,43,46,56,51,40,53,43,41,48,45,45,47,48,45,45,40,49,47,40,41,37,49,45,56,47,42,42,33,44,44,44,44,43,46,49,53,44,55,51,50,52,48,54,46,44,38,50,52,38,42,49,43,63,44,57,43,51,39,43,47,45,48,45,46,48,45,47,46,45,50,43,45,45,43,44,50,44,40,40,51,45,53,43,45,49,41,45,45,42,58,48,48,54,41,52,42,49,42,47,39,42,46,51,43,42,41,42,45,47,37,42,47,50,40,40,38,48,51,49,53,50,44,42,47,46,44,47,51,49,43,45,48,54,47,40,37,50,52,50,49,45,38,51,47,50,48,45,43,45,53,48,49,52,48,43,49,40,47,59,41,42,52,52,51,45,38,45,43,46,57,45,44,43,54,45,46,48,47,46,41,41,44,45,44,52,57,45,40,49,46,37,41,52,41,44,49,42,40,47,45,49,53,50,46,47,36,50,53,44,42,49,43,44,54,57,46,46,46,41,49,45,47,44,43,45,42,47,49,47,41,42,39,45,44,50,53,46,45,42,40,46,38,41,45,52,46,47,44,46,46,41,51,45,50,50,44,47,45,44,54,44,46,46,46,53,42,41,41,44,48,52,35,48,45,49,54,41,48,40,48,53,54,51,51,51,50,45,47,51,44,51,45,41,53,42,43,46,45,43,42,47,45,45,50,44,51,51,39,41,45,45,46,52,45,52,45,46,44,43,46,46,50,46,45,41,45,52,52,55,43,36,41,40,46,48,45,41,52,50,45,39,47,44,49,48,48,51,45,40,51,43,52,52,40,48,46,41,57,51,52,51,42,49,48,48,37,47,54,42,46,39,46,44,47,59,45,41,59,51,43,52,43,45,50,37,51,42,42,52,43,53,46,45,44,50,50,37,45,43,43,41,48,43,45,49,53,43,46,44,55,43,42,45,47,41,54,54,38,46,46,30,43,44,44,47,40,47,46,55,41,56,52,45,52,41,47,37,49,45,42,41,44,38,46,51,50,44,47,50,48,40,43,45,48,56,50,35,48,44,44,44,40,48,41,49,53,49,46,56,52,46,43,36,46,47,52,37,45,51,45,42,45,44,50,48,59,53,48,46,44,43,53,46,48,47,48,50,42,52,45,40,50,46,43,46,48,50,52,44,43,48,41,40,48,45,42,41,45,55,46,48,40,40,41,51,50,43,47,36,46,52,44,40,43,52,49,49,39,47,48,42,40,35,49,48,47,43,43,43,40,41,44,43,49,44,46,55,40,46,47,54,54,47,47,48,48,44,39,35,38,49,39,52,44,50,49,51,47,45,45,53,46,49,48,49,52,43,50,43,57,43,47,47,42,57,51,50,51,40,52,39,45,49,43,39,42,49,44,42,46,51,48,46,44,40,55,39,46,52,60,44,47,44,43,50,51,39,50,47,40,45,39,49,43,45,48,44,52,42,48,45,44,52,45,48,46,52,47,49,41,44,57,46,35,48,54,52,47,44,43,48,42,50,44,49,48,46,51,49,39,45,49,49,43,44,42,51,50,52,44,47,45,50,48,45,45,51,47,46,47,42,43,42,52,43,49,46,47,46,46,49,52,56,45,51,44,44,41,44,58,42,41,49,48,46,38,47,49,42,57,43,40,47,53,48,49,38,47,48,41,42,50,49,50,49,43,54,45,41,46,40,45,43,51,45,39,36,43,49,49,47,46,58,51,39,47,40,47,38,48,44,40,48,46,43,44,43,54,49,41,47,35,48,44,43,50,46,49,51,41,47,45,41,44,47,48,48,44,44,48,48,48,46,54,47,44,44,49,53,43,44,44,47,49,42,42,36,41,43,48,50,40,53,50,40,50,54,51,39,48,45,41,35,52,42,48,39,46,44,43,45,47,56,51,43,54,45,43,48,48,49,38,36,44,51,47,50,46,48,37,46,39,42,47,41,47,40,45,43,43,49,43,46,43,35,44,35,45,50,47,47,56,44,52,42,47,46,42,44,47,55,43,40,37,44,60,47,50,45,49,53,42,40,54,48,47,54,54,50,56,41,45,39,44,49,43,44,43,50,47,49,47,43,44,45,40,50,47,45
Brentford,38,33,44,48,39,45,44,46,39,40,40,39,41,47,40,37,34,43,45,42,40,38,48,45,37,42,45,45,46,42,41,43,48,47,41,42,41,48,39,47,39,33,44,40,35,41,46,41,43,42,42,43,38,47,40,49,32,37,31,49,39,42,41,38,36,41,38,45,45,39,43,42,45,46,35,38,44,45,48,38,46,42,41,49,39,52,31,37,39,41,37,42,36,42,52,40,47,41,44,39,40,44,47,40,37,44,34,46,38,41,38,46,46,46,43,40,35,39,44,45,49,43,38,45,46,33,44,52,39,36,38,41,37,39,38,48,34,47,46,38,39,43,35,39,41,40,37,40,38,42,43,34,37,43,35,39,34,39,33,38,47,36,40,44,42,50,35,42,47,48,46,40,40,45,50,34,35,35,40,32,43,42,47,39,36,35,35,44,46,36,43,42,42,39,35,37,40,39,48,40,46,44,43,38,44,45,43,48,31,44,39,40,45,44,44,39,48,40,44,32,44,36,39,31,43,40,43,43,45,32,40,39,46,42,50,39,44,43,35,45,47,46,36,44,40,42,41,42,45,38,30,39,46,37,38,47,52,40,42,38,47,43,49,47,36,40,44,36,39,50,45,39,45,38,42,44,36,46,45,39,40,44,36,44,40,42,45,35,39,43,39,39,38,35,37,43,49,44,43,40,47,43,39,43,41,39,40,40,34,43,44,30,40,33,37,44,40,39,47,42,42,36,45,37,41,40,43,38,31,37,39,51,43,37,41,38,37,38,39,47,39,41,39,40,46,40,46,44,38,39,46,43,36,43,46,40,35,42,54,48,38,44,43,38,42,37,44,35,44,47,47,42,32,51,41,31,41,39,38,39,39,43,37,45,42,38,42,48,41,48,42,45,34,46,53,45,44,37,36,46,42,45,38,43,34,41,46,38,37,48,48,38,34,45,36,37,40,42,40,45,39,44,46,46,33,43,40,27,45,39,43,32,37,50,43,43,38,45,45,42,44,35,43,40,36,47,42,43,33,36,34,40,41,42,45,51,36,41,37,43,39,43,42,35,39,34,42,41,44,45,39,35,37,47,44,47,45,45,44,49,35,38,38,36,46,31,46,38,38,42,38,51,42,49,34,45,34,42,44,43,38,35,42,36,46,42,50,39,48,42,45,35,39,43,43,40,41,41,46,39,45,40,45,40,45,43,33,44,41,38,42,47,39,44,41,42,35,43,42,32,36,43,40,42,44,47,46,34,41,40,38,42,43,41,38,37,41,49,50,47,37,38,43,36,45,48,37,48,42,32,46,34,38,38,40,42,44,44,34,36,43,45,48,37,44,39,35,41,39,37,37,36,46,42,43,43,51,40,43,47,41,39,43,32,45,38,41,49,44,40,38,37,40,48,43,43,36,36,42,40,44,47,40,37,35,45,45,37,35,44,37,33,38,42,38,36,44,40,40,42,32,41,44,35,34,42,41,41,38,44,31,50,39,53,47,42,45,31,38,41,42,40,39,43,43,49,42,33,37,36,39,39,51,43,48,41,39,35,35,32,45,47,42,43,35,42,46,37,39,45,39,47,41,43,40,44,34,43,47,41,43,46,41,41,43,39,45,43,50,47,36,40,47,45,37,36,37,41,39,37,37,38,50,39,36,45,42,43,35,43,43,40,48,45,41,44,37,51,44,38,42,43,43,40,35,49,37,41,38,43,43,41,37,45,37,40,51,37,42,34,43,33,38,37,52,40,49,45,37,49,46,43,41,34,38,42,40,33,45,40,43,41,37,45,38,47,42,45,45,44,41,43,46,37,45,40,48,37,40,39,34,42,31,36,41,39,39,32,47,34,34,39,41,42,43,46,40,36,35,37,38,41,46,43,37,39,45,43,32,40,46,48,36,40,31,36,36,44,43,38,39,45,42,43,37,37,49,37,40,38,39,42,41,34,43,49,52,41,40,43,47,35,39,37,39,38,41,39,43,38,41,41,44,38,38,43,42,41,37,43,44,43,38,48,36,45,44,39,42,43,42,40,43,39,40,35,41,39,46,49,53,44,40,44,38,41,48,42,46,43,45,47,39,44,39,35,39,38,36,37,46,38,41,37,57,43,38,50,42,36,39,38,38,41,38,44,40,48,45,31,40,45,43,47,47,47,42,50,37,40,38,35,43,36,40,41,42,43,37,42,41,45,44,45,40,45,32,34,46,31,42,29,43,47,39,42,40,39,40,43,48,43,36,42,42,40,38,39,41,43,37,43,41,41,45,45,36,35,35,41
Leeds United,40,35,33,38,40,39,37,42,41,35,35,37,36,41,41,37,46,38,38,37,33,38,39,49,39,41,38,35,40,36,37,40,37,37,39,40,44,32,37,38,34,34,37,35,41,40,30,37,34,38,42,44,44,34,36,32,43,46,40,35,38,41,42,40,44,43,44,38,38,39,38,36,44,37,44,42,36,35,45,38,40,38,42,44,37,42,39,36,40,42,38,43,42,33,35,44,29,42,40,34,49,38,43,37,43,30,37,37,34,41,38,36,38,39,39,43,40,36,40,37,31,37,40,31,37,41,48,44,50,33,44,38,39,34,36,28,44,43,44,34,52,40,48,47,37,42,37,35,43,33,39,39,39,35,38,31,45,40,34,33,43,46,42,34,41,34,36,42,31,34,49,39,33,40,39,47,40,35,48,40,38,34,29,42,37,44,37,36,36,37,34,39,34,36,38,41,48,37,39,38,35,49,42,44,38,45,48,35,43,33,40,39,32,38,39,44,42,40,36,36,40,43,38,41,42,37,47,41,44,43,43,33,40,39,36,42,38,50,42,39,38,38,40,42,37,36,37,43,36,42,43,37,39,40,28,34,43,33,33,39,46,39,46,40,39,42,36,38,40,35,33,37,40,34,38,38,40,30,41,43,37,41,35,34,42,36,32,36,39,39,44,43,43,31,49,42,34,37,44,43,29,36,37,38,34,42,33,36,31,33,39,43,38,37,42,33,32,39,37,42,45,42,38,36,32,33,47,39,41,42,30,38,37,36,47,39,36,38,38,42,41,35,38,42,41,39,37,44,36,36,47,37,40,43,41,30,58,44,38,41,41,44,41,36,35,44,49,42,40,31,44,36,35,37,47,42,36,39,34,43,44,30,43,37,38,35,41,39,39,38,38,44,43,38,39,43,35,49,46,33,42,39,43,37,34,42,35,38,42,46,39,38,44,34,39,40,33,46,42,47,37,41,40,34,49,38,47,37,45,43,46,35,39,43,38,38,39,39,41,36,37,42,40,43,37,38,41,37,39,36,39,36,36,41,43,36,38,42,42,39,37,39,41,41,37,40,37,35,34,33,44,36,43,40,39,36,38,36,32,39,42,38,48,32,41,38,38,42,38,40,38,37,40,38,49,38,37,38,35,33,34,47,50,39,46,34,39,35,35,47,41,38,34,31,38,39,45,44,46,31,37,37,41,41,37,33,35,40,35,38,37,38,37,40,39,37,45,48,35,41,38,39,38,45,38,40,45,41,35,47,38,31,35,37,38,39,41,39,33,38,35,39,42,36,45,36,32,41,34,32,43,36,33,37,40,36,30,39,37,37,38,35,38,43,44,44,31,39,39,37,41,38,37,39,44,37,31,44,40,35,39,40,44,48,36,46,44,42,38,42,34,35,37,38,33,42,29,36,44,46,33,35,32,39,43,33,44,36,41,37,46,35,48,41,32,41,36,37,47,48,35,40,47,30,40,29,38,41,43,40,34,37,35,33,36,42,40,39,46,44,54,34,40,35,44,43,32,36,38,35,34,42,37,37,43,41,40,35,33,43,44,38,44,41,34,35,48,36,40,32,38,41,35,40,31,43,38,37,37,39,34,35,43,34,37,47,34,40,44,41,36,39,37,35,39,33,37,37,31,36,44,31,40,36,44,39,39,40,39,32,33,47,41,28,37,38,42,37,34,40,36,44,36,42,40,44,46,44,35,38,39,38,38,31,47,39,39,36,40,42,32,38,44,37,36,42,43,38,41,37,29,35,37,34,40,39,40,40,46,42,30,34,39,34,41,35,39,44,41,35,32,38,37,42,38,39,38,36,40,40,37,39,40,43,42,34,41,34,41,47,39,36,41,41,35,35,39,37,43,44,47,39,41,37,38,39,42,39,34,44,39,37,38,34,36,41,35,40,43,36,40,41,35,39,44,39,40,43,41,39,40,42,39,39,44,38,45,38,36,38,42,39,38,40,35,45,33,40,46,43,43,38,30,40,40,43,42,41,41,34,30,42,38,38,35,45,39,37,35,38,40,28,42,39,45,44,48,34,37,39,35,42,35,39,40,34,36,38,37,42,38,35,49,30,44,42,46,44,34,44,38,36,37,32,41,44,41,29,46,37,39,42,40,40,36,34,31,34,41,39,44,35,42,28,42,33,44,38,38,46,46,34,44,39,33,47,39,31,41,40,40,39,36,33,36,47,41,36,33,37,36,46,36,28,40,30,35,32,44,36,41,38,40,42,36,44,46,47,30,42,45,40,34,36,40,42,35,40,37,37
Everton,40,45,36,39,33,40,45,31,31,35,48,34,39,38,45,38,39,31,33,32,41,36,38,46,52,46,40,45,33,37,40,43,42,34,43,46,31,37,38,48,40,46,44,39,34,37,34,29,45,41,38,45,44,37,38,41,30,35,39,40,37,38,36,45,38,47,42,42,46,32,37,41,40,48,48,31,39,36,31,42,36,43,44,40,33,42,41,41,44,34,36,44,37,33,36,41,48,42,42,46,36,42,38,45,37,40,48,41,38,43,42,38,32,38,38,46,38,47,40,34,32,39,35,41,35,42,46,39,38,47,37,43,48,36,38,44,38,42,33,45,45,33,45,45,43,33,37,39,35,31,44,40,38,36,40,36,39,38,37,39,44,47,40,41,33,43,38,32,37,45,41,43,40,37,43,51,37,42,38,43,39,47,39,40,33,29,45,42,37,36,40,44,31,41,46,45,35,52,41,39,42,42,39,40,39,42,51,40,39,41,48,41,40,38,30,31,32,35,41,35,39,49,40,40,41,44,43,45,39,37,42,34,33,51,35,46,36,43,38,38,46,36,33,40,42,36,47,39,38,31,41,44,29,35,43,42,36,41,45,34,38,37,36,40,27,41,46,40,39,41,37,48,33,39,31,50,48,36,36,45,43,47,39,35,34,30,33,43,41,41,37,39,46,49,36,34,51,45,39,36,34,35,47,42,41,42,41,39,43,28,48,43,36,32,42,35,41,41,43,35,37,40,43,33,38,34,37,46,44,44,38,39,31,38,44,43,36,42,38,37,40,35,42,41,38,42,36,44,45,40,39,38,39,43,39,41,44,41,46,33,45,27,42,43,38,40,41,50,42,44,36,35,37,32,40,36,34,43,42,41,38,34,49,37,39,34,35,32,47,41,47,47,38,32,42,39,31,35,35,45,40,39,46,39,38,43,36,41,43,37,41,45,37,34,36,46,38,32,33,36,40,48,40,39,45,29,38,39,40,39,45,40,39,34,41,43,37,41,39,42,46,37,44,29,32,32,42,42,42,31,39,35,46,38,29,40,37,35,48,41,40,34,46,36,33,39,44,44,39,38,36,34,36,37,38,36,37,38,46,47,43,37,39,45,35,38,37,34,41,34,39,48,31,44,41,47,43,40,44,45,34,43,41,42,32,36,40,45,38,32,35,42,37,39,40,43,38,34,39,36,38,42,37,44,39,31,34,39,38,49,36,36,41,31,49,46,35,37,32,32,36,36,39,43,41,32,37,40,37,47,49,49,42,41,47,40,43,32,35,46,36,41,44,35,39,41,44,31,47,42,33,39,32,42,40,50,42,40,37,34,31,32,45,44,37,41,50,35,39,34,46,50,33,43,41,33,37,36,30,41,38,33,39,43,36,49,47,33,38,39,38,41,44,41,47,37,38,45,35,39,48,33,35,35,34,43,43,40,31,42,36,37,39,41,47,48,39,37,43,46,45,38,34,37,48,41,38,45,36,48,40,48,36,36,35,38,35,34,40,38,44,36,39,36,43,42,32,44,37,35,44,40,35,33,39,37,37,42,40,50,43,41,37,40,39,38,38,47,34,33,36,39,38,46,42,46,37,38,31,42,37,35,37,31,40,38,43,36,39,40,40,41,39,35,37,35,45,42,31,38,49,40,30,38,42,38,42,39,37,39,37,37,39,37,47,35,40,38,39,41,38,46,40,44,37,37,46,38,44,36,41,37,44,44,39,31,33,41,35,42,37,53,38,43,31,37,34,44,46,48,36,37,39,40,40,37,39,29,40,40,44,34,35,37,34,35,36,39,37,43,43,33,32,44,42,38,44,44,38,41,45,42,40,47,39,39,41,49,38,38,32,45,40,48,38,41,41,45,43,49,33,42,47,50,40,33,34,40,38,35,45,37,33,37,40,39,38,43,44,42,41,36,38,41,46,44,41,41,32,43,38,39,44,50,45,37,38,30,31,36,47,39,39,40,37,35,36,45,37,45,38,41,37,38,45,38,38,41,41,40,40,38,39,44,50,40,34,44,41,37,33,42,34,33,45,43,43,42,38,45,40,37,45,37,39,36,44,48,40,45,46,38,45,40,34,44,40,39,44,38,36,39,46,35,37,48,29,38,41,35,44,33,33,44,36,36,47,51,42,45,43,32,35,42,40,40,42,51,40,41,27,41,43,42,37,38,47,42,38,36,33,41,38,40,45,34,41,41,34,41,34,35,39,44,41,48,41,41,46,42,32,38,44,36,39,47,37,45,37,42,45,40,37,33,37,36,40,41,44,40
Newcastle Utd,28,34,52,48,33,37,28,44,34,37,41,44,31,40,40,37,42,31,35,38,42,39,44,35,37,49,32,32,43,45,33,32,38,32,37,35,36,38,33,37,34,40,47,31,35,42,37,42,45,42,36,33,31,41,36,34,30,32,40,33,37,36,36,35,42,45,36,36,31,44,42,37,43,35,32,39,35,39,40,39,36,35,41,34,33,45,39,37,49,40,38,41,28,40,47,37,35,38,29,34,36,34,48,42,30,40,40,32,47,40,40,33,43,42,37,37,39,35,32,34,42,41,29,39,39,41,39,35,45,33,42,42,35,34,33,36,38,39,40,39,31,40,41,40,38,36,34,27,44,28,32,41,43,42,33,37,36,41,30,42,33,34,34,33,39,32,39,40,36,37,46,35,38,35,38,39,31,36,35,33,44,42,48,33,37,30,36,40,26,43,40,36,35,34,30,44,30,34,33,36,33,34,39,41,44,32,43,28,35,33,35,37,42,39,41,31,37,34,39,50,40,37,36,35,38,35,38,33,43,41,35,38,32,41,38,36,39,39,40,41,33,41,28,32,34,38,35,41,34,41,41,37,42,36,43,34,36,38,34,31,35,35,36,35,40,42,32,39,38,34,36,43,40,37,40,35,33,41,41,36,35,34,39,37,35,39,35,38,48,34,48,36,31,27,49,37,41,34,30,42,36,32,44,35,34,41,42,39,40,41,32,45,40,34,38,36,33,42,29,47,27,34,35,34,37,32,32,40,39,34,35,39,42,38,33,34,35,25,36,40,41,42,34,29,36,37,36,44,37,29,29,37,40,28,27,42,37,44,29,30,34,38,36,31,38,38,33,39,40,32,28,40,46,40,39,37,33,43,38,41,39,51,30,26,38,43,46,40,46,32,40,38,35,42,36,37,31,37,35,45,40,24,40,34,37,30,41,40,39,37,45,44,45,33,30,28,42,37,31,34,30,47,32,35,41,31,37,38,34,41,33,34,39,43,33,33,42,35,28,42,37,35,43,38,42,35,43,36,43,36,40,39,34,42,28,29,39,45,39,33,41,42,35,41,41,36,42,43,40,42,33,40,36,40,34,35,37,31,32,32,33,38,42,29,24,42,36,36,52,37,30,38,40,38,42,34,42,42,52,41,28,43,39,34,44,36,38,42,33,32,50,39,37,41,34,33,36,39,34,42,33,44,38,30,35,41,37,32,38,38,33,36,33,44,33,37,38,44,39,40,33,35,35,31,38,37,38,38,33,38,39,34,33,30,38,38,37,37,27,41,22,36,36,39,34,43,43,37,26,38,34,32,36,38,42,28,31,35,43,49,44,36,29,33,31,38,33,41,43,42,32,38,44,29,33,46,41,43,33,34,32,30,42,42,39,48,31,33,32,39,29,45,33,40,34,38,37,41,39,51,33,40,34,40,40,38,38,31,37,38,34,37,30,38,37,39,36,34,44,35,35,33,37,34,35,45,38,40,45,42,40,34,38,35,38,40,33,36,40,40,35,26,48,35,41,29,40,35,32,38,33,36,42,31,39,41,35,45,40,36,35,38,41,41,48,41,35,39,42,46,38,27,44,37,34,39,43,35,44,39,37,38,32,28,30,37,32,38,32,35,39,40,38,31,39,36,30,39,41,33,42,35,39,35,41,34,40,42,46,33,32,38,36,44,44,38,32,35,38,37,37,32,39,35,32,50,46,38,35,30,34,41,31,33,33,34,42,38,37,33,36,40,37,41,43,36,39,34,45,34,42,38,37,34,43,32,48,35,35,46,30,42,47,38,45,37,41,39,34,38,40,31,34,36,32,45,22,41,32,36,28,39,44,38,29,34,47,31,36,36,48,29,40,43,32,29,30,36,38,33,28,35,36,28,31,29,30,44,33,31,43,38,43,39,28,37,36,37,44,43,43,42,39,42,34,40,36,39,31,44,33,35,46,31,33,43,45,39,37,46,38,39,40,40,37,45,33,41,40,32,37,36,40,31,32,42,39,39,38,40,29,42,30,36,33,35,32,48,29,35,36,35,45,32,31,35,32,34,39,38,35,39,37,38,37,28,34,40,44,32,30,45,41,32,49,33,43,41,44,34,38,35,34,41,39,44,35,38,33,33,37,46,27,33,37,36,30,39,34,42,37,36,31,38,39,39,35,34,45,33,35,44,42,39,38,41,45,38,35,30,37,38,41,34,38,33,44,35,46,31,37,34,36,35,41,39,42,44,39,37,33,42,38,38,39,38,31,34,36,35,36,41,32,43,40,26,40,41,32,44
Norwich City,26,34,30,24,29,25,26,28,34,32,34,36,36,24,35,28,31,34,33,34,34,24,35,32,33,35,32,38,42,31,41,37,35,25,30,33,38,31,28,33,41,30,26,39,30,33,38,34,26,32,32,33,27,29,41,30,35,37,33,33,30,28,40,35,27,30,29,32,36,33,33,33,29,31,24,36,32,30,31,30,37,32,29,31,22,33,37,42,25,26,35,29,33,34,43,25,28,37,30,39,33,33,24,25,34,28,32,34,30,39,29,29,28,28,24,34,40,38,31,33,32,36,28,37,33,26,31,33,33,31,33,43,39,32,25,35,30,29,27,35,33,33,31,26,31,27,30,43,38,31,33,37,30,28,29,34,37,36,29,25,32,26,24,33,32,35,37,37,32,37,36,35,29,31,34,35,33,31,31,36,36,29,35,30,33,29,30,37,36,36,35,30,37,28,32,31,29,34,34,35,33,42,30,27,34,28,28,38,29,32,35,28,33,35,28,35,30,32,30,28,22,32,34,27,28,34,31,34,30,32,29,30,31,27,23,27,32,25,28,27,30,32,33,25,34,38,31,33,28,26,31,35,29,34,28,26,23,30,31,36,27,32,34,35,31,29,34,25,27,38,37,30,28,44,33,28,34,27,32,33,33,35,36,32,36,29,35,35,26,33,34,39,34,40,22,27,29,29,36,23,29,29,33,35,29,31,34,32,40,32,34,37,33,41,22,32,34,27,35,31,32,36,36,29,35,28,30,31,28,35,34,35,28,29,37,35,34,32,33,26,30,28,28,33,32,32,27,25,35,35,31,29,28,38,36,25,39,26,28,34,42,37,23,40,33,27,30,21,38,39,39,34,40,33,33,42,32,38,38,27,35,38,37,30,29,29,25,35,38,31,32,32,32,35,34,23,32,33,29,29,29,26,32,42,35,35,29,38,30,26,32,35,32,31,37,40,34,31,27,33,38,31,30,34,32,33,32,35,35,25,33,28,30,28,30,32,26,27,31,39,26,28,34,32,32,27,36,32,40,28,34,37,26,32,39,38,35,33,32,30,26,30,35,31,40,39,35,31,34,33,34,29,30,27,35,31,31,29,29,30,23,33,33,35,28,34,35,31,29,29,32,35,34,31,40,28,25,34,28,28,27,28,36,33,37,34,26,31,37,32,28,33,39,33,31,29,31,37,40,29,26,32,30,29,26,24,37,27,37,28,31,34,38,35,31,31,36,33,36,33,40,33,31,34,29,32,33,31,32,26,32,32,32,42,24,35,38,41,31,23,33,31,33,36,36,30,34,27,40,35,23,36,35,30,30,29,41,36,32,31,39,36,35,24,36,33,37,29,35,32,33,36,25,28,33,29,33,31,29,31,32,32,27,31,32,31,37,27,43,35,30,37,30,39,35,28,28,39,37,33,33,35,36,35,36,37,29,32,19,26,36,32,27,29,30,30,33,36,27,39,29,33,35,32,31,31,34,34,29,25,42,33,40,36,26,31,42,33,34,30,37,36,32,25,32,24,31,27,37,36,28,35,35,34,31,27,29,30,30,35,33,39,25,37,38,30,30,28,30,29,36,38,26,33,38,29,32,31,37,35,32,26,36,31,35,26,30,32,39,31,33,31,30,30,36,29,29,36,37,29,30,37,30,34,38,32,33,31,31,25,41,35,27,35,31,31,30,35,27,32,41,29,33,29,34,27,31,29,37,30,28,30,34,34,29,37,31,29,29,32,33,29,32,36,37,39,26,26,40,34,32,31,26,35,33,33,35,35,32,38,35,29,33,33,40,32,27,21,41,33,25,31,36,33,31,33,35,31,32,30,27,34,33,32,32,35,33,36,34,32,28,28,39,29,39,32,31,24,30,27,36,23,33,34,30,29,29,31,29,39,35,34,25,35,31,42,32,42,30,34,34,27,28,34,34,29,29,37,34,29,42,30,37,34,37,26,33,27,38,31,32,31,26,26,36,35,34,33,30,33,27,40,25,32,30,32,23,31,26,29,35,36,37,30,36,35,29,38,37,29,39,34,34,31,29,34,28,36,28,37,31,37,34,28,35,26,31,32,33,40,29,30,33,37,40,28,35,33,32,36,31,24,34,32,30,34,37,34,30,41,27,32,31,25,41,39,31,35,28,37,45,31,40,35,32,29,32,35,33,31,29,31,25,30,38,38,33,30,30,30,26,34,37,36,33,34,37,35,35,32,29,38,28,37,32,32,32,36,24,35,32,30,31,27,31,23,29,31,35,29,30,26,32,35,32,34,33,29,32,39
Watford,34,33,27,22,34,26,25,40,28,39,31,32,30,29,20,29,33,31,30,30,30,28,30,23,32,33,25,27,25,30,29,23,29,24,31,23,28,24,29,38,31,29,27,26,30,30,29,37,24,26,23,32,29,29,28,30,31,26,29,31,26,25,22,36,28,28,27,30,26,30,34,36,30,24,33,26,23,25,24,31,26,27,21,32,32,37,20,27,31,18,22,22,24,32,29,34,32,25,22,37,26,31,31,29,33,31,32,27,33,35,35,27,28,28,24,29,24,22,25,19,32,36,30,24,26,25,41,24,24,32,32,30,31,31,26,36,25,33,41,46,29,28,31,36,21,31,29,38,23,30,21,31,29,33,31,28,32,27,36,36,29,31,30,25,29,27,31,34,27,36,24,33,27,24,26,25,36,21,31,30,23,32,34,21,27,32,25,26,29,19,32,30,32,27,25,35,27,32,29,27,20,26,33,30,27,26,24,29,26,27,25,24,23,31,27,29,30,26,35,33,28,27,21,35,26,27,26,31,29,34,22,26,28,28,32,23,28,24,31,23,30,29,29,34,35,33,28,25,37,24,29,29,30,26,33,33,31,35,28,30,32,27,31,23,27,32,23,31,27,28,28,30,28,31,29,31,34,32,31,29,26,33,34,32,28,33,25,23,29,27,32,33,27,30,29,34,24,30,33,28,29,30,26,33,27,28,34,25,26,33,30,32,30,32,34,26,22,27,33,30,33,36,30,27,29,29,22,35,30,25,26,32,30,22,33,35,34,25,23,31,23,41,28,26,23,22,33,33,38,32,28,35,37,26,25,29,30,31,19,24,25,34,27,30,25,27,29,26,28,27,32,24,30,34,31,29,35,37,31,28,25,34,31,27,25,36,23,27,21,35,27,23,27,20,21,22,25,31,32,30,27,26,27,38,29,30,33,33,33,22,30,32,31,39,37,33,34,22,29,28,33,34,30,27,33,33,27,32,23,26,24,30,29,37,31,29,33,28,38,27,36,24,33,32,33,24,26,25,23,35,32,30,39,29,32,29,28,25,27,38,28,32,25,22,31,39,27,27,32,29,37,26,29,27,26,29,35,28,30,25,24,34,37,29,39,31,22,34,23,35,29,30,27,23,29,27,25,31,36,32,38,27,27,27,35,33,26,37,32,25,28,24,26,32,27,30,29,24,27,26,27,31,34,28,33,25,30,35,35,32,25,23,30,26,36,31,28,28,26,32,27,21,27,31,33,28,28,21,21,25,27,24,31,31,27,32,28,31,32,27,26,24,31,24,30,30,25,29,27,24,28,30,29,24,29,31,27,33,26,37,35,22,26,21,33,29,22,28,33,32,26,37,30,32,26,33,29,33,29,39,35,24,28,27,26,29,21,29,26,32,26,33,35,24,30,29,34,34,23,24,36,30,32,29,28,33,28,26,30,37,24,33,24,31,38,30,22,23,36,27,33,27,23,37,31,26,24,25,29,28,36,30,32,29,34,24,24,33,26,29,32,24,39,28,32,34,27,30,28,21,23,33,39,38,22,23,29,28,23,30,31,36,31,22,32,31,30,30,29,32,21,32,25,26,29,36,29,29,32,33,26,29,41,30,26,30,28,30,28,25,25,29,24,19,31,38,26,24,21,26,30,29,32,24,26,27,29,29,34,32,32,26,28,33,33,29,26,27,26,32,26,28,29,31,33,38,25,35,27,24,33,30,31,33,29,20,34,30,28,21,33,27,29,28,29,26,32,32,30,29,24,21,34,31,36,31,31,30,28,23,26,22,28,28,29,34,36,30,30,21,22,26,29,32,26,33,37,32,27,29,29,29,30,38,23,32,30,35,25,28,27,25,31,36,25,30,29,29,31,29,32,32,30,29,28,31,29,41,31,33,23,30,33,28,27,37,30,30,25,37,25,25,27,29,34,26,31,34,31,27,35,30,33,23,26,28,22,30,33,43,28,41,30,28,30,34,26,32,26,28,35,27,33,31,28,25,25,26,24,28,35,31,31,26,29,26,27,28,30,24,32,34,37,35,35,31,31,35,34,30,27,30,36,30,23,38,33,28,29,25,27,22,27,34,28,29,32,28,26,29,26,32,33,31,30,22,29,34,32,26,41,31,29,30,34,33,35,24,34,30,26,21,29,25,28,27,33,28,26,27,32,24,27,31,27,43,29,26,43,29,38,27,27,26,27,21,22,30,30,28,26,35,29,29,26,29,21,23,36,39,28,37,35,24,29,32,34,33,27,27,25,29,38,32,32,36,27,25,26,29
Burnley,38,50,33,32,34,34,45,34,44,32,32,36,35,41,39,37,43,36,40,37,34,42,36,36,32,37,32,38,28,30,32,29,38,37,35,41,40,34,42,38,36,36,34,44,43,38,27,32,34,38,43,40,41,41,35,41,37,35,27,37,40,29,31,40,37,28,36,31,33,41,33,33,36,41,36,32,34,30,41,39,36,37,34,45,36,36,35,32,36,34,40,44,37,33,25,36,30,29,30,38,40,39,32,36,29,35,38,27,42,30,44,34,31,35,31,42,34,37,34,33,34,37,42,35,39,40,47,37,26,42,24,33,33,43,39,30,34,28,38,38,36,29,33,40,42,36,29,29,38,41,44,36,32,35,34,35,38,25,41,33,29,42,40,33,36,42,35,30,29,30,31,48,38,37,35,40,35,34,44,40,35,32,31,39,45,41,35,30,34,41,30,33,38,42,36,45,41,29,34,40,30,43,41,36,35,35,36,32,43,32,40,35,42,31,36,41,41,35,39,36,31,44,39,28,39,43,33,31,34,43,35,33,40,37,33,34,35,33,40,40,44,40,35,37,36,33,43,33,38,33,40,36,36,38,39,36,41,26,40,36,30,30,39,33,41,28,32,38,40,33,37,42,45,37,36,31,25,44,39,36,37,39,27,31,44,35,25,34,34,40,43,34,34,39,39,35,33,28,49,32,36,40,30,46,36,33,35,43,33,45,27,37,43,36,41,32,33,33,38,36,48,42,37,35,42,39,37,32,40,39,29,43,31,42,32,33,37,35,32,27,40,33,41,42,36,44,42,30,42,38,26,32,39,25,39,32,45,39,41,34,34,31,36,36,34,35,32,43,30,41,38,43,40,28,40,29,32,36,42,31,31,26,41,33,31,34,37,41,37,42,40,37,30,29,36,24,41,41,39,31,39,30,28,35,42,33,31,34,42,38,29,32,33,39,28,31,27,42,33,38,35,35,38,39,39,39,41,30,30,38,32,38,44,28,39,29,37,40,34,34,31,31,37,31,36,31,29,43,42,35,34,34,35,36,43,38,34,36,39,37,45,37,37,34,29,32,34,29,38,29,32,42,45,34,46,35,41,29,38,29,35,32,40,34,29,34,48,38,34,39,38,36,35,32,33,32,32,29,33,28,42,36,32,46,30,37,32,40,37,36,36,34,35,41,37,27,33,40,38,35,41,36,38,35,45,38,37,36,31,34,33,39,45,38,38,32,32,33,38,36,32,35,40,36,28,34,32,29,34,42,33,39,29,32,42,33,30,37,34,48,37,29,29,28,37,35,29,40,39,37,38,36,26,34,44,26,40,36,28,28,31,38,30,47,35,36,40,37,28,35,42,41,41,32,32,35,30,41,41,30,37,36,28,30,41,33,39,40,33,27,49,40,32,33,27,39,32,40,39,34,31,33,37,45,40,32,35,42,35,31,39,42,34,36,44,41,36,31,38,40,36,42,35,31,42,33,42,34,36,43,36,39,39,38,38,32,40,39,35,38,32,38,34,31,37,41,46,41,39,31,38,37,32,32,38,36,28,39,35,34,31,38,24,34,35,33,33,39,36,34,30,39,37,36,35,38,33,30,27,30,43,38,25,43,36,38,35,31,34,37,35,44,30,47,40,31,40,39,35,40,42,31,39,30,46,28,35,37,31,38,43,31,40,39,39,39,38,29,40,43,39,38,27,34,38,32,29,33,42,36,25,28,41,33,33,41,31,38,40,39,41,40,29,39,30,39,50,29,30,36,35,35,28,44,30,43,29,44,39,39,43,34,34,35,37,33,33,30,38,37,42,41,38,36,40,36,34,39,36,40,30,36,35,33,29,33,28,39,46,44,33,35,39,30,37,32,44,33,33,30,34,51,39,39,33,40,46,41,39,36,33,33,44,38,32,38,33,43,34,32,39,43,32,40,40,33,33,32,41,33,32,33,28,33,32,44,36,35,32,41,41,35,37,31,32,36,30,30,55,35,37,35,26,31,35,39,39,33,37,31,31,37,32,26,36,42,37,38,42,34,38,35,33,28,35,35,45,34,29,32,38,32,40,35,40,42,30,34,32,33,37,32,34,34,40,31,37,36,40,48,38,34,36,45,36,31,31,31,36,33,33,42,39,42,38,29,37,37,38,30,29,42,35,37,42,40,33,39,28,41,41,41,37,28,36,29,40,35,37,41,41,34,43,37,39,43,23,42,39,41,41,40,34,30,26,30,34,27,38,38,41,31,29,39,31,34,39,40,35,38,40,43,37,41,32,41,31,29,36,39
